"Step","Energy"
"-1","7922.107910"
"0","7921.705566"
"1","7921.705566"
"2","7921.705566"
"3","7921.705566"
"4","7921.705566"
"5","7921.705566"
"6","7921.705566"
"7","7920.985352"
"8","7920.985352"
"9","7920.985352"
"10","7920.985352"
"11","7920.985352"
"12","7920.985352"
"13","7920.985352"
"14","7920.979492"
"15","7920.713379"
"16","7920.713379"
"17","7920.713379"
"18","7920.713379"
"19","7920.713379"
"20","7920.713379"
"21","7920.157715"
"22","7920.157715"
"23","7920.157715"
"24","7920.107422"
"25","7920.107422"
"26","7920.107422"
"27","7918.998535"
"28","7918.998535"
"29","7918.998535"
"30","7918.998535"
"31","7918.998535"
"32","7918.998535"
"33","7918.998535"
"34","7916.667969"
"35","7916.667969"
"36","7916.265137"
"37","7916.265137"
"38","7915.827148"
"39","7915.827148"
"40","7915.827148"
"41","7915.827148"
"42","7915.827148"
"43","7915.432617"
"44","7915.432617"
"45","7915.432617"
"46","7911.387207"
"47","7911.387207"
"48","7911.387207"
"49","7911.387207"
"50","7911.387207"
"51","7911.387207"
"52","7911.387207"
"53","7911.387207"
"54","7911.387207"
"55","7911.387207"
"56","7911.387207"
"57","7911.387207"
"58","7911.387207"
"59","7911.387207"
"60","7911.387207"
"61","7911.387207"
"62","7911.387207"
"63","7911.387207"
"64","7911.387207"
"65","7911.387207"
"66","7911.387207"
"67","7911.387207"
"68","7911.387207"
"69","7911.387207"
"70","7911.387207"
"71","7911.387207"
"72","7911.387207"
"73","7911.387207"
"74","7911.387207"
"75","7911.387207"
"76","7911.387207"
"77","7911.387207"
"78","7911.387207"
"79","7911.387207"
"80","7911.387207"
"81","7911.387207"
"82","7911.387207"
"83","7911.387207"
"84","7911.387207"
"85","7911.387207"
"86","7911.387207"
"87","7911.387207"
"88","7911.387207"
"89","7911.387207"
"90","7911.387207"
"91","7911.387207"
"92","7911.387207"
"93","7911.387207"
"94","7911.387207"
"95","7911.387207"
"96","7911.387207"
"97","7911.387207"
"98","7911.387207"
"99","7911.387207"
"100","7911.387207"
"101","7911.387207"
"102","7911.387207"
"103","7911.387207"
"104","7911.387207"
"105","7911.387207"
"106","7911.387207"
"107","7911.387207"
"108","7911.387207"
"109","7911.387207"
"110","7911.387207"
"111","7911.387207"
"112","7911.387207"
"113","7911.387207"
"114","7911.387207"
"115","7911.387207"
"116","7911.387207"
"117","7911.387207"
"118","7911.387207"
"119","7911.387207"
"120","7911.387207"
"121","7911.387207"
"122","7911.387207"
"123","7911.387207"
"124","7911.387207"
"125","7911.387207"
"126","7911.387207"
"127","7911.387207"
"128","7911.387207"
"129","7911.387207"
"130","7911.387207"
"131","7911.387207"
"132","7911.387207"
"133","7911.387207"
"134","7911.387207"
"135","7911.387207"
"136","7911.387207"
"137","7911.387207"
"138","7911.387207"
"139","7911.387207"
"140","7911.387207"
"141","7911.387207"
"142","7911.387207"
"143","7911.387207"
"144","7911.387207"
"145","7911.387207"
"146","7911.387207"
"147","7911.387207"
"148","7911.387207"
"149","7911.387207"
"150","7911.387207"
"151","7911.387207"
"152","7911.387207"
"153","7911.387207"
"154","7911.387207"
"155","7911.387207"
"156","7911.387207"
"157","7911.387207"
"158","7911.387207"
"159","7911.387207"
"160","7911.387207"
"161","7911.387207"
"162","7911.387207"
"163","7911.387207"
"164","7911.387207"
"165","7911.387207"
"166","7911.387207"
"167","7911.387207"
"168","7911.387207"
"169","7911.387207"
"170","7911.387207"
"171","7911.387207"
"172","7911.387207"
"173","7911.387207"
"174","7911.387207"
"175","7911.387207"
"176","7911.387207"
"177","7911.387207"
"178","7911.387207"
"179","7911.387207"
"180","7911.387207"
"181","7911.387207"
"182","7911.387207"
"183","7911.387207"
"184","7911.387207"
"185","7911.387207"
"186","7911.387207"
"187","7911.387207"
"188","7911.387207"
"189","7911.387207"
"190","7911.387207"
"191","7911.387207"
"192","7911.387207"
"193","7911.387207"
"194","7911.387207"
"195","7911.387207"
"196","7911.387207"
"197","7911.387207"
"198","7911.387207"
"199","7911.387207"
"200","7911.387207"
"201","7911.387207"
"202","7911.387207"
"203","7911.387207"
"204","7911.387207"
"205","7911.387207"
"206","7911.387207"
"207","7911.387207"
"208","7911.387207"
"209","7911.387207"
"210","7911.387207"
"211","7911.387207"
"212","7911.387207"
"213","7911.387207"
"214","7911.387207"
"215","7911.387207"
"216","7911.387207"
"217","7911.387207"
"218","7911.387207"
"219","7911.387207"
"220","7911.387207"
"221","7911.387207"
"222","7911.387207"
"223","7911.387207"
"224","7911.387207"
"225","7911.387207"
"226","7911.387207"
"227","7911.387207"
"228","7911.387207"
"229","7911.387207"
"230","7911.387207"
"231","7911.387207"
"232","7911.387207"
"233","7911.387207"
"234","7911.387207"
"235","7911.387207"
"236","7911.387207"
"237","7911.387207"
"238","7911.387207"
"239","7911.387207"
"240","7911.387207"
"241","7911.387207"
"242","7911.387207"
"243","7911.387207"
"244","7911.387207"
"245","7911.387207"
"246","7911.387207"
"247","7911.387207"
"248","7911.387207"
"249","7911.387207"
"250","7911.387207"
"251","7911.387207"
"252","7911.387207"
"253","7911.387207"
"254","7911.387207"
"255","7911.387207"
"256","7911.387207"
"257","7911.387207"
"258","7911.387207"
"259","7911.387207"
"260","7911.387207"
"261","7911.387207"
"262","7911.387207"
"263","7911.387207"
"264","7911.387207"
"265","7911.387207"
"266","7911.387207"
"267","7911.387207"
"268","7911.387207"
"269","7911.387207"
"270","7911.387207"
"271","7911.387207"
"272","7911.387207"
"273","7911.387207"
"274","7911.387207"
"275","7911.387207"
"276","7911.387207"
"277","7911.387207"
"278","7911.387207"
"279","7911.387207"
"280","7911.387207"
"281","7911.387207"
"282","7911.387207"
"283","7911.387207"
"284","7911.387207"
"285","7911.387207"
"286","7911.387207"
"287","7911.387207"
"288","7911.387207"
"289","7911.387207"
"290","7911.387207"
"291","7911.387207"
"292","7911.387207"
"293","7911.387207"
"294","7911.387207"
"295","7911.387207"
"296","7911.387207"
"297","7911.387207"
"298","7911.387207"
"299","7911.387207"
"300","7911.387207"
"301","7911.387207"
"302","7911.387207"
"303","7911.387207"
"304","7911.387207"
"305","7911.387207"
"306","7911.387207"
"307","7911.387207"
"308","7911.387207"
"309","7911.387207"
"310","7911.387207"
"311","7911.387207"
"312","7911.387207"
"313","7911.387207"
"314","7911.387207"
"315","7911.387207"
"316","7911.387207"
"317","7911.387207"
"318","7911.387207"
"319","7911.387207"
"320","7911.387207"
"321","7911.387207"
"322","7911.387207"
"323","7911.387207"
"324","7911.387207"
"325","7911.387207"
"326","7911.387207"
"327","7911.387207"
"328","7911.387207"
"329","7911.387207"
"330","7911.387207"
"331","7911.387207"
"332","7911.387207"
"333","7911.387207"
"334","7911.387207"
"335","7911.387207"
"336","7911.387207"
"337","7911.387207"
"338","7911.387207"
"339","7911.387207"
"340","7911.387207"
"341","7911.387207"
"342","7911.387207"
"343","7911.387207"
"344","7911.387207"
"345","7911.387207"
"346","7911.387207"
"347","7911.387207"
"348","7911.387207"
"349","7911.387207"
"350","7911.387207"
"351","7911.387207"
"352","7911.387207"
"353","7911.387207"
"354","7911.387207"
"355","7911.387207"
"356","7911.387207"
"357","7911.387207"
"358","7911.387207"
"359","7911.387207"
"360","7911.387207"
"361","7911.387207"
"362","7911.387207"
"363","7911.387207"
"364","7911.387207"
"365","7911.387207"
"366","7911.387207"
"367","7911.387207"
"368","7911.387207"
"369","7911.387207"
"370","7911.387207"
"371","7911.387207"
"372","7911.387207"
"373","7911.387207"
"374","7911.387207"
"375","7911.387207"
"376","7911.387207"
"377","7911.387207"
"378","7911.387207"
"379","7911.387207"
"380","7911.387207"
"381","7911.387207"
"382","7911.387207"
"383","7911.387207"
"384","7911.387207"
"385","7911.387207"
"386","7911.387207"
"387","7911.387207"
"388","7911.387207"
"389","7911.387207"
"390","7911.387207"
"391","7911.387207"
"392","7911.387207"
"393","7911.387207"
"394","7911.387207"
"395","7911.387207"
"396","7911.387207"
"397","7911.387207"
"398","7911.387207"
"399","7911.387207"
"400","7911.387207"
"401","7911.387207"
"402","7911.387207"
"403","7911.387207"
"404","7911.387207"
"405","7911.387207"
"406","7911.387207"
"407","7911.387207"
"408","7911.387207"
"409","7911.387207"
"410","7911.387207"
"411","7911.387207"
"412","7911.387207"
"413","7911.387207"
"414","7911.387207"
"415","7911.387207"
"416","7911.387207"
"417","7911.387207"
"418","7911.387207"
"419","7911.387207"
"420","7911.387207"
"421","7911.387207"
"422","7911.387207"
"423","7911.387207"
"424","7911.387207"
"425","7911.387207"
"426","7911.387207"
"427","7911.387207"
"428","7911.387207"
"429","7911.387207"
"430","7911.387207"
"431","7911.387207"
"432","7911.387207"
"433","7911.387207"
"434","7911.387207"
"435","7911.387207"
"436","7911.387207"
"437","7911.387207"
"438","7911.387207"
"439","7911.387207"
"440","7911.387207"
"441","7911.387207"
"442","7911.387207"
"443","7911.387207"
"444","7911.387207"
"445","7911.387207"
"446","7911.387207"
"447","7911.387207"
"448","7911.387207"
"449","7911.387207"
"450","7911.387207"
"451","7911.387207"
"452","7911.387207"
"453","7911.387207"
"454","7911.387207"
"455","7911.387207"
"456","7911.387207"
"457","7911.387207"
"458","7911.387207"
"459","7911.387207"
"460","7911.387207"
"461","7911.387207"
"462","7911.387207"
"463","7911.387207"
"464","7911.387207"
"465","7911.387207"
"466","7911.387207"
"467","7911.387207"
"468","7911.387207"
"469","7911.387207"
"470","7911.387207"
"471","7911.387207"
"472","7911.387207"
"473","7911.387207"
"474","7911.387207"
"475","7911.387207"
"476","7911.387207"
"477","7911.387207"
"478","7911.387207"
"479","7911.387207"
"480","7911.387207"
"481","7911.387207"
"482","7911.387207"
"483","7911.387207"
"484","7911.387207"
"485","7911.387207"
"486","7911.387207"
"487","7911.387207"
"488","7911.387207"
"489","7911.387207"
"490","7911.387207"
"491","7911.387207"
"492","7911.387207"
"493","7911.387207"
"494","7911.387207"
"495","7911.387207"
"496","7911.387207"
"497","7911.387207"
"498","7911.387207"
"499","7911.387207"
"500","7911.387207"
"501","7911.387207"
"502","7911.387207"
"503","7911.387207"
"504","7911.387207"
"505","7911.387207"
"506","7911.387207"
"507","7911.387207"
"508","7911.387207"
"509","7911.387207"
"510","7911.387207"
"511","7911.387207"
"512","7911.387207"
"513","7911.387207"
"514","7911.387207"
"515","7911.387207"
"516","7911.387207"
"517","7911.387207"
"518","7911.387207"
"519","7911.387207"
"520","7911.387207"
"521","7911.387207"
"522","7911.387207"
"523","7911.387207"
"524","7911.387207"
"525","7911.387207"
"526","7911.387207"
"527","7911.387207"
"528","7911.387207"
"529","7911.387207"
"530","7911.387207"
"531","7911.387207"
"532","7911.387207"
"533","7911.387207"
"534","7911.387207"
"535","7911.387207"
"536","7911.387207"
"537","7911.387207"
"538","7911.387207"
"539","7911.387207"
"540","7911.387207"
"541","7911.387207"
"542","7911.387207"
"543","7911.387207"
"544","7911.387207"
"545","7911.387207"
"546","7911.387207"
"547","7911.387207"
"548","7911.387207"
"549","7911.387207"
"550","7911.387207"
"551","7911.387207"
"552","7911.387207"
"553","7911.387207"
"554","7911.387207"
"555","7911.387207"
"556","7911.387207"
"557","7911.387207"
"558","7911.387207"
"559","7911.387207"
"560","7911.387207"
"561","7911.387207"
"562","7911.387207"
"563","7911.387207"
"564","7911.387207"
"565","7911.387207"
"566","7911.387207"
"567","7911.387207"
"568","7911.387207"
"569","7911.387207"
"570","7911.387207"
"571","7911.387207"
"572","7911.387207"
"573","7911.387207"
"574","7911.387207"
"575","7911.387207"
"576","7911.387207"
"577","7911.387207"
"578","7911.387207"
"579","7911.387207"
"580","7911.387207"
"581","7911.387207"
"582","7911.387207"
"583","7911.387207"
"584","7911.387207"
"585","7911.387207"
"586","7911.387207"
"587","7911.387207"
"588","7911.387207"
"589","7911.387207"
"590","7911.387207"
"591","7911.387207"
"592","7911.387207"
"593","7911.387207"
"594","7911.387207"
"595","7911.387207"
"596","7911.387207"
"597","7911.387207"
"598","7911.387207"
"599","7911.387207"
"600","7911.387207"
"601","7911.387207"
"602","7911.387207"
"603","7911.387207"
"604","7911.387207"
"605","7911.387207"
"606","7911.387207"
"607","7911.387207"
"608","7911.387207"
"609","7911.387207"
"610","7911.387207"
"611","7911.387207"
"612","7911.387207"
"613","7911.387207"
"614","7911.387207"
"615","7911.387207"
"616","7911.387207"
"617","7911.387207"
"618","7911.387207"
"619","7911.387207"
"620","7911.387207"
"621","7911.387207"
"622","7911.387207"
"623","7911.387207"
"624","7911.387207"
"625","7911.387207"
"626","7911.387207"
"627","7911.387207"
"628","7911.387207"
"629","7911.387207"
"630","7911.387207"
"631","7911.387207"
"632","7911.387207"
"633","7911.387207"
"634","7911.387207"
"635","7911.387207"
"636","7911.387207"
"637","7911.387207"
"638","7911.387207"
"639","7911.387207"
"640","7911.387207"
"641","7911.387207"
"642","7911.387207"
"643","7911.387207"
"644","7911.387207"
"645","7911.387207"
"646","7911.387207"
"647","7911.387207"
"648","7911.387207"
"649","7911.387207"
"650","7911.387207"
"651","7911.387207"
"652","7911.387207"
"653","7911.387207"
"654","7911.387207"
"655","7911.387207"
"656","7911.387207"
"657","7911.387207"
"658","7911.387207"
"659","7911.387207"
"660","7911.387207"
"661","7911.387207"
"662","7911.387207"
"663","7911.387207"
"664","7911.387207"
"665","7911.387207"
"666","7911.387207"
"667","7911.387207"
"668","7911.387207"
"669","7911.387207"
"670","7911.387207"
"671","7911.387207"
"672","7911.387207"
"673","7911.387207"
"674","7911.387207"
"675","7911.387207"
"676","7911.387207"
"677","7911.387207"
"678","7911.387207"
"679","7911.387207"
"680","7911.387207"
"681","7911.387207"
"682","7911.387207"
"683","7911.387207"
"684","7911.387207"
"685","7911.387207"
"686","7911.387207"
"687","7911.387207"
"688","7911.387207"
"689","7911.387207"
"690","7911.387207"
"691","7911.387207"
"692","7911.387207"
"693","7911.387207"
"694","7911.387207"
"695","7911.387207"
"696","7911.387207"
"697","7911.387207"
"698","7911.387207"
"699","7911.387207"
"700","7911.387207"
"701","7911.387207"
"702","7911.387207"
"703","7911.387207"
"704","7911.387207"
"705","7911.387207"
"706","7911.387207"
"707","7911.387207"
"708","7911.387207"
"709","7911.387207"
"710","7911.387207"
"711","7911.387207"
"712","7911.387207"
"713","7911.387207"
"714","7911.387207"
"715","7911.387207"
"716","7911.387207"
"717","7911.387207"
"718","7911.387207"
"719","7911.387207"
"720","7911.387207"
"721","7911.387207"
"722","7911.387207"
"723","7911.387207"
"724","7911.387207"
"725","7911.387207"
"726","7911.387207"
"727","7911.387207"
"728","7911.387207"
"729","7911.387207"
"730","7911.387207"
"731","7911.387207"
"732","7911.387207"
"733","7911.387207"
"734","7911.387207"
"735","7911.387207"
"736","7911.387207"
"737","7911.387207"
"738","7911.387207"
"739","7911.387207"
"740","7911.387207"
"741","7911.387207"
"742","7911.387207"
"743","7911.387207"
"744","7911.387207"
"745","7911.387207"
"746","7911.387207"
"747","7911.387207"
"748","7911.387207"
"749","7911.387207"
"750","7911.387207"
"751","7911.387207"
"752","7911.387207"
"753","7911.387207"
"754","7911.387207"
"755","7911.387207"
"756","7911.387207"
"757","7911.387207"
"758","7911.387207"
"759","7911.387207"
"760","7911.387207"
"761","7911.387207"
"762","7911.387207"
"763","7911.387207"
"764","7911.387207"
"765","7911.387207"
"766","7911.387207"
"767","7911.387207"
"768","7911.387207"
"769","7911.387207"
"770","7911.387207"
"771","7911.387207"
"772","7911.387207"
"773","7911.387207"
"774","7911.387207"
"775","7911.387207"
"776","7911.387207"
"777","7911.387207"
"778","7911.387207"
"779","7911.387207"
"780","7911.387207"
"781","7911.387207"
"782","7911.387207"
"783","7911.387207"
"784","7911.387207"
"785","7911.387207"
"786","7911.387207"
"787","7911.387207"
"788","7911.387207"
"789","7911.387207"
"790","7911.387207"
"791","7911.387207"
"792","7911.387207"
"793","7911.387207"
"794","7911.387207"
"795","7911.387207"
"796","7911.387207"
"797","7911.387207"
"798","7911.387207"
"799","7911.387207"
"800","7911.387207"
"801","7911.387207"
"802","7911.387207"
"803","7911.387207"
"804","7911.387207"
"805","7911.387207"
"806","7911.387207"
"807","7911.387207"
"808","7911.387207"
"809","7911.387207"
"810","7911.387207"
"811","7911.387207"
"812","7911.387207"
"813","7911.387207"
"814","7911.000977"
"815","7910.855469"
"816","7910.855469"
"817","7910.855469"
"818","7910.855469"
"819","7910.855469"
"820","7910.855469"
"821","7910.855469"
"822","7909.513672"
"823","7909.513672"
"824","7909.513672"
"825","7909.513672"
"826","7909.513672"
"827","7909.513672"
"828","7909.513672"
"829","7909.513672"
"830","7909.513672"
"831","7909.513672"
"832","7909.513672"
"833","7909.513672"
"834","7909.513672"
"835","7909.513672"
"836","7909.513672"
"837","7909.513672"
"838","7909.513672"
"839","7909.513672"
"840","7909.513672"
"841","7908.309082"
"842","7908.309082"
"843","7908.309082"
"844","7908.309082"
"845","7908.309082"
"846","7908.309082"
"847","7907.829590"
"848","7905.572266"
"849","7905.572266"
"850","7905.572266"
"851","7905.572266"
"852","7905.572266"
"853","7905.572266"
"854","7905.449707"
"855","7905.449707"
"856","7901.463867"
"857","7901.463867"
"858","7901.463867"
"859","7901.463867"
"860","7901.463867"
"861","7901.463867"
"862","7901.463867"
"863","7901.463867"
"864","7901.463867"
"865","7901.463867"
"866","7901.463867"
"867","7901.463867"
"868","7901.463867"
"869","7901.463867"
"870","7901.463867"
"871","7901.463867"
"872","7901.463867"
"873","7901.463867"
"874","7901.463867"
"875","7901.463867"
"876","7901.463867"
"877","7901.463867"
"878","7901.463867"
"879","7901.463867"
"880","7901.463867"
"881","7901.463867"
"882","7901.463867"
"883","7901.463867"
"884","7901.463867"
"885","7901.463867"
"886","7901.463867"
"887","7901.463867"
"888","7901.463867"
"889","7901.463867"
"890","7901.463867"
"891","7901.463867"
"892","7901.463867"
"893","7901.463867"
"894","7901.463867"
"895","7901.463867"
"896","7901.463867"
"897","7901.463867"
"898","7901.463867"
"899","7901.463867"
"900","7901.463867"
"901","7901.463867"
"902","7901.463867"
"903","7901.463867"
"904","7901.463867"
"905","7901.463867"
"906","7901.463867"
"907","7901.463867"
"908","7901.463867"
"909","7901.463867"
"910","7901.463867"
"911","7901.463867"
"912","7901.463867"
"913","7901.463867"
"914","7901.463867"
"915","7901.463867"
"916","7901.463867"
"917","7901.463867"
"918","7901.463867"
"919","7901.463867"
"920","7901.463867"
"921","7901.463867"
"922","7901.463867"
"923","7901.463867"
"924","7901.463867"
"925","7901.463867"
"926","7901.463867"
"927","7901.463867"
"928","7901.463867"
"929","7901.463867"
"930","7901.463867"
"931","7901.463867"
"932","7901.463867"
"933","7901.463867"
"934","7901.463867"
"935","7901.463867"
"936","7901.463867"
"937","7901.463867"
"938","7901.463867"
"939","7901.463867"
"940","7901.463867"
"941","7901.463867"
"942","7901.463867"
"943","7901.463867"
"944","7901.463867"
"945","7901.463867"
"946","7901.463867"
"947","7901.463867"
"948","7901.463867"
"949","7901.463867"
"950","7901.463867"
"951","7901.463867"
"952","7901.463867"
"953","7901.463867"
"954","7901.463867"
"955","7901.463867"
"956","7901.463867"
"957","7901.463867"
"958","7901.463867"
"959","7901.463867"
"960","7901.463867"
"961","7901.463867"
"962","7901.463867"
"963","7901.463867"
"964","7901.463867"
"965","7901.463867"
"966","7901.463867"
"967","7901.463867"
"968","7901.463867"
"969","7901.463867"
"970","7901.463867"
"971","7901.463867"
"972","7901.463867"
"973","7901.463867"
"974","7901.463867"
"975","7901.463867"
"976","7901.463867"
"977","7901.463867"
"978","7901.463867"
"979","7901.463867"
"980","7901.463867"
"981","7901.463867"
"982","7901.463867"
"983","7901.463867"
"984","7901.463867"
"985","7901.463867"
"986","7901.463867"
"987","7901.463867"
"988","7901.463867"
"989","7901.463867"
"990","7901.463867"
"991","7901.463867"
"992","7901.463867"
"993","7901.463867"
"994","7901.463867"
"995","7901.463867"
"996","7901.463867"
"997","7901.463867"
"998","7901.463867"
"999","7901.463867"
"1000","7901.463867"
"1001","7901.463867"
"1002","7901.463867"
"1003","7901.463867"
"1004","7901.463867"
"1005","7901.463867"
"1006","7901.463867"
"1007","7901.463867"
"1008","7901.463867"
"1009","7901.463867"
"1010","7901.463867"
"1011","7901.463867"
"1012","7901.463867"
"1013","7901.463867"
"1014","7901.463867"
"1015","7901.463867"
"1016","7901.463867"
"1017","7901.463867"
"1018","7901.463867"
"1019","7901.463867"
"1020","7901.463867"
"1021","7901.463867"
"1022","7901.463867"
"1023","7901.463867"
"1024","7901.463867"
"1025","7901.463867"
"1026","7901.463867"
"1027","7901.463867"
"1028","7901.463867"
"1029","7901.463867"
"1030","7901.463867"
"1031","7901.463867"
"1032","7901.463867"
"1033","7901.463867"
"1034","7901.463867"
"1035","7901.463867"
"1036","7901.463867"
"1037","7901.463867"
"1038","7901.463867"
"1039","7901.463867"
"1040","7901.463867"
"1041","7901.463867"
"1042","7901.463867"
"1043","7901.463867"
"1044","7901.463867"
"1045","7901.463867"
"1046","7901.463867"
"1047","7901.463867"
"1048","7901.463867"
"1049","7901.463867"
"1050","7901.463867"
"1051","7901.463867"
"1052","7901.463867"
"1053","7901.463867"
"1054","7901.463867"
"1055","7901.463867"
"1056","7901.463867"
"1057","7901.463867"
"1058","7901.463867"
"1059","7901.463867"
"1060","7901.463867"
"1061","7901.463867"
"1062","7901.463867"
"1063","7901.463867"
"1064","7901.463867"
"1065","7901.463867"
"1066","7901.463867"
"1067","7901.463867"
"1068","7901.463867"
"1069","7901.463867"
"1070","7901.463867"
"1071","7901.463867"
"1072","7901.463867"
"1073","7901.463867"
"1074","7901.463867"
"1075","7901.463867"
"1076","7901.463867"
"1077","7901.463867"
"1078","7901.176270"
"1079","7901.176270"
"1080","7901.176270"
"1081","7901.176270"
"1082","7900.299316"
"1083","7900.299316"
"1084","7900.299316"
"1085","7900.299316"
"1086","7900.299316"
"1087","7900.299316"
"1088","7900.299316"
"1089","7900.299316"
"1090","7900.299316"
"1091","7900.299316"
"1092","7900.299316"
"1093","7900.299316"
"1094","7900.299316"
"1095","7898.976563"
"1096","7898.976563"
"1097","7898.976563"
"1098","7898.976563"
"1099","7898.976563"
"1100","7898.976563"
"1101","7898.976563"
"1102","7898.976563"
"1103","7898.976563"
"1104","7898.976563"
"1105","7898.976563"
"1106","7898.976563"
"1107","7898.976563"
"1108","7897.910645"
"1109","7897.910645"
"1110","7897.910645"
"1111","7897.910645"
"1112","7897.910645"
"1113","7897.910645"
"1114","7897.910645"
"1115","7897.910645"
"1116","7897.910645"
"1117","7897.910645"
"1118","7897.910645"
"1119","7897.910645"
"1120","7896.721680"
"1121","7896.721680"
"1122","7896.721680"
"1123","7896.721680"
"1124","7896.721680"
"1125","7896.721680"
"1126","7896.721680"
"1127","7896.721680"
"1128","7896.064453"
"1129","7896.064453"
"1130","7895.834961"
"1131","7895.834961"
"1132","7895.834961"
"1133","7895.538086"
"1134","7895.538086"
"1135","7895.538086"
"1136","7895.538086"
"1137","7895.538086"
"1138","7895.538086"
"1139","7895.538086"
"1140","7895.538086"
"1141","7895.538086"
"1142","7892.888672"
"1143","7892.888672"
"1144","7892.888672"
"1145","7892.888672"
"1146","7892.888672"
"1147","7892.888672"
"1148","7892.888672"
"1149","7892.888672"
"1150","7892.888672"
"1151","7892.888672"
"1152","7892.888672"
"1153","7892.888672"
"1154","7892.888672"
"1155","7892.888672"
"1156","7892.888672"
"1157","7892.888672"
"1158","7892.888672"
"1159","7892.888672"
"1160","7892.888672"
"1161","7892.888672"
"1162","7892.888672"
"1163","7892.888672"
"1164","7892.888672"
"1165","7892.888672"
"1166","7892.888672"
"1167","7892.888672"
"1168","7892.888672"
"1169","7892.888672"
"1170","7892.888672"
"1171","7892.888672"
"1172","7892.888672"
"1173","7892.888672"
"1174","7892.888672"
"1175","7892.888672"
"1176","7892.888672"
"1177","7892.888672"
"1178","7892.888672"
"1179","7892.888672"
"1180","7892.888672"
"1181","7892.888672"
"1182","7892.888672"
"1183","7892.888672"
"1184","7892.888672"
"1185","7892.888672"
"1186","7892.888672"
"1187","7892.888672"
"1188","7892.888672"
"1189","7892.888672"
"1190","7892.888672"
"1191","7892.888672"
"1192","7892.888672"
"1193","7892.888672"
"1194","7892.888672"
"1195","7892.888672"
"1196","7892.888672"
"1197","7892.888672"
"1198","7892.888672"
"1199","7892.888672"
"1200","7892.888672"
"1201","7892.750488"
"1202","7892.750488"
"1203","7890.619629"
"1204","7890.619629"
"1205","7890.619629"
"1206","7890.619629"
"1207","7890.619629"
"1208","7890.619629"
"1209","7890.619629"
"1210","7890.619629"
"1211","7890.619629"
"1212","7890.619629"
"1213","7890.619629"
"1214","7890.619629"
"1215","7890.619629"
"1216","7890.619629"
"1217","7890.619629"
"1218","7890.619629"
"1219","7890.619629"
"1220","7890.619629"
"1221","7890.619629"
"1222","7890.619629"
"1223","7890.619629"
"1224","7890.619629"
"1225","7890.619629"
"1226","7890.619629"
"1227","7890.619629"
"1228","7890.619629"
"1229","7890.619629"
"1230","7890.619629"
"1231","7890.619629"
"1232","7890.619629"
"1233","7890.619629"
"1234","7890.619629"
"1235","7890.619629"
"1236","7890.619629"
"1237","7890.619629"
"1238","7890.619629"
"1239","7890.619629"
"1240","7890.619629"
"1241","7890.619629"
"1242","7890.619629"
"1243","7890.619629"
"1244","7890.619629"
"1245","7890.619629"
"1246","7890.619629"
"1247","7890.619629"
"1248","7890.619629"
"1249","7890.619629"
"1250","7890.619629"
"1251","7890.619629"
"1252","7890.619629"
"1253","7890.619629"
"1254","7890.422363"
"1255","7890.422363"
"1256","7890.422363"
"1257","7890.362305"
"1258","7890.362305"
"1259","7890.362305"
"1260","7890.362305"
"1261","7888.160156"
"1262","7888.160156"
"1263","7888.160156"
"1264","7888.160156"
"1265","7888.160156"
"1266","7888.160156"
"1267","7888.160156"
"1268","7888.160156"
"1269","7888.160156"
"1270","7888.160156"
"1271","7888.160156"
"1272","7888.160156"
"1273","7888.160156"
"1274","7888.160156"
"1275","7888.160156"
"1276","7888.160156"
"1277","7888.160156"
"1278","7888.160156"
"1279","7888.160156"
"1280","7888.160156"
"1281","7888.160156"
"1282","7888.160156"
"1283","7888.160156"
"1284","7888.160156"
"1285","7888.160156"
"1286","7888.160156"
"1287","7888.160156"
"1288","7888.160156"
"1289","7888.160156"
"1290","7888.160156"
"1291","7888.160156"
"1292","7888.160156"
"1293","7888.160156"
"1294","7888.160156"
"1295","7888.160156"
"1296","7888.160156"
"1297","7888.160156"
"1298","7888.160156"
"1299","7888.160156"
"1300","7888.160156"
"1301","7888.160156"
"1302","7888.160156"
"1303","7888.160156"
"1304","7888.160156"
"1305","7888.160156"
"1306","7888.160156"
"1307","7888.160156"
"1308","7888.160156"
"1309","7888.160156"
"1310","7888.160156"
"1311","7888.160156"
"1312","7888.160156"
"1313","7888.160156"
"1314","7888.160156"
"1315","7888.160156"
"1316","7888.160156"
"1317","7888.160156"
"1318","7888.160156"
"1319","7888.160156"
"1320","7888.160156"
"1321","7888.160156"
"1322","7888.160156"
"1323","7888.160156"
"1324","7888.160156"
"1325","7888.160156"
"1326","7888.160156"
"1327","7888.160156"
"1328","7888.160156"
"1329","7888.160156"
"1330","7888.160156"
"1331","7888.160156"
"1332","7888.160156"
"1333","7888.160156"
"1334","7888.160156"
"1335","7888.160156"
"1336","7888.160156"
"1337","7888.160156"
"1338","7888.160156"
"1339","7888.160156"
"1340","7888.160156"
"1341","7888.160156"
"1342","7888.160156"
"1343","7888.160156"
"1344","7886.397461"
"1345","7886.397461"
"1346","7886.397461"
"1347","7886.397461"
"1348","7886.397461"
"1349","7886.397461"
"1350","7886.397461"
"1351","7886.397461"
"1352","7886.397461"
"1353","7886.397461"
"1354","7886.397461"
"1355","7886.397461"
"1356","7886.397461"
"1357","7886.397461"
"1358","7886.397461"
"1359","7886.397461"
"1360","7886.397461"
"1361","7886.397461"
"1362","7886.397461"
"1363","7886.397461"
"1364","7886.397461"
"1365","7885.449707"
"1366","7885.449707"
"1367","7885.449707"
"1368","7885.449707"
"1369","7885.449707"
"1370","7885.449707"
"1371","7885.449707"
"1372","7885.449707"
"1373","7885.004883"
"1374","7885.004883"
"1375","7885.004883"
"1376","7885.004883"
"1377","7885.004883"
"1378","7884.816895"
"1379","7884.816895"
"1380","7884.159180"
"1381","7884.159180"
"1382","7883.844727"
"1383","7883.844727"
"1384","7883.844727"
"1385","7883.844727"
"1386","7882.859863"
"1387","7882.859863"
"1388","7882.859863"
"1389","7882.859863"
"1390","7882.669434"
"1391","7881.034668"
"1392","7881.034668"
"1393","7881.034668"
"1394","7881.034668"
"1395","7881.034668"
"1396","7881.034668"
"1397","7881.034668"
"1398","7881.034668"
"1399","7881.034668"
"1400","7881.034668"
"1401","7881.034668"
"1402","7881.034668"
"1403","7881.034668"
"1404","7881.034668"
"1405","7881.034668"
"1406","7881.034668"
"1407","7881.034668"
"1408","7881.034668"
"1409","7881.034668"
"1410","7881.034668"
"1411","7881.034668"
"1412","7881.034668"
"1413","7881.034668"
"1414","7881.034668"
"1415","7881.034668"
"1416","7881.034668"
"1417","7881.034668"
"1418","7880.835938"
"1419","7880.115723"
"1420","7880.115723"
"1421","7880.115723"
"1422","7880.115723"
"1423","7880.115723"
"1424","7880.115723"
"1425","7880.115723"
"1426","7880.115723"
"1427","7880.115723"
"1428","7880.115723"
"1429","7880.115723"
"1430","7878.524414"
"1431","7878.524414"
"1432","7878.524414"
"1433","7878.524414"
"1434","7878.524414"
"1435","7878.524414"
"1436","7878.524414"
"1437","7878.524414"
"1438","7878.524414"
"1439","7878.524414"
"1440","7878.524414"
"1441","7878.524414"
"1442","7878.524414"
"1443","7878.524414"
"1444","7877.428223"
"1445","7877.428223"
"1446","7877.428223"
"1447","7877.428223"
"1448","7877.428223"
"1449","7877.428223"
"1450","7877.428223"
"1451","7877.428223"
"1452","7876.534180"
"1453","7876.534180"
"1454","7876.534180"
"1455","7876.534180"
"1456","7876.534180"
"1457","7876.534180"
"1458","7876.534180"
"1459","7876.356934"
"1460","7876.356934"
"1461","7876.356934"
"1462","7876.356934"
"1463","7876.137695"
"1464","7876.137695"
"1465","7876.137695"
"1466","7876.137695"
"1467","7876.137695"
"1468","7876.137695"
"1469","7876.137695"
"1470","7876.137695"
"1471","7876.137695"
"1472","7875.649902"
"1473","7875.649902"
"1474","7875.608887"
"1475","7873.922363"
"1476","7873.922363"
"1477","7873.922363"
"1478","7873.922363"
"1479","7873.922363"
"1480","7873.922363"
"1481","7873.922363"
"1482","7873.922363"
"1483","7873.922363"
"1484","7873.922363"
"1485","7873.922363"
"1486","7873.922363"
"1487","7873.922363"
"1488","7873.922363"
"1489","7873.922363"
"1490","7873.922363"
"1491","7873.922363"
"1492","7873.922363"
"1493","7873.922363"
"1494","7873.922363"
"1495","7873.922363"
"1496","7873.922363"
"1497","7873.922363"
"1498","7873.922363"
"1499","7873.922363"
"1500","7873.922363"
"1501","7873.922363"
"1502","7872.510742"
"1503","7872.510742"
"1504","7872.510742"
"1505","7872.510742"
"1506","7872.510742"
"1507","7872.510742"
"1508","7870.485352"
"1509","7870.485352"
"1510","7870.485352"
"1511","7870.485352"
"1512","7870.485352"
"1513","7870.485352"
"1514","7870.485352"
"1515","7870.485352"
"1516","7870.485352"
"1517","7870.485352"
"1518","7870.485352"
"1519","7870.485352"
"1520","7870.485352"
"1521","7870.485352"
"1522","7870.485352"
"1523","7870.485352"
"1524","7870.425781"
"1525","7870.301270"
"1526","7869.965820"
"1527","7867.864258"
"1528","7867.864258"
"1529","7867.864258"
"1530","7867.864258"
"1531","7867.864258"
"1532","7867.864258"
"1533","7867.864258"
"1534","7867.864258"
"1535","7867.864258"
"1536","7867.864258"
"1537","7867.864258"
"1538","7867.864258"
"1539","7867.864258"
"1540","7867.864258"
"1541","7867.864258"
"1542","7867.864258"
"1543","7867.864258"
"1544","7867.864258"
"1545","7867.864258"
"1546","7867.864258"
"1547","7867.864258"
"1548","7867.864258"
"1549","7867.864258"
"1550","7867.864258"
"1551","7867.864258"
"1552","7867.864258"
"1553","7867.864258"
"1554","7867.864258"
"1555","7867.864258"
"1556","7867.864258"
"1557","7867.864258"
"1558","7867.864258"
"1559","7867.864258"
"1560","7867.864258"
"1561","7867.864258"
"1562","7867.864258"
"1563","7867.864258"
"1564","7867.864258"
"1565","7867.864258"
"1566","7867.864258"
"1567","7867.864258"
"1568","7867.864258"
"1569","7867.864258"
"1570","7867.864258"
"1571","7867.864258"
"1572","7867.864258"
"1573","7867.864258"
"1574","7867.864258"
"1575","7867.864258"
"1576","7867.864258"
"1577","7867.864258"
"1578","7867.864258"
"1579","7867.864258"
"1580","7867.864258"
"1581","7867.864258"
"1582","7867.864258"
"1583","7867.864258"
"1584","7867.864258"
"1585","7867.864258"
"1586","7867.864258"
"1587","7867.864258"
"1588","7867.864258"
"1589","7867.864258"
"1590","7867.864258"
"1591","7867.864258"
"1592","7867.864258"
"1593","7867.864258"
"1594","7867.864258"
"1595","7867.864258"
"1596","7867.864258"
"1597","7867.864258"
"1598","7867.864258"
"1599","7867.864258"
"1600","7867.864258"
"1601","7867.864258"
"1602","7867.864258"
"1603","7867.864258"
"1604","7867.864258"
"1605","7867.864258"
"1606","7867.864258"
"1607","7867.864258"
"1608","7867.864258"
"1609","7867.864258"
"1610","7867.864258"
"1611","7867.864258"
"1612","7867.864258"
"1613","7867.864258"
"1614","7867.864258"
"1615","7867.864258"
"1616","7867.864258"
"1617","7867.864258"
"1618","7867.864258"
"1619","7867.864258"
"1620","7867.864258"
"1621","7867.864258"
"1622","7867.864258"
"1623","7867.864258"
"1624","7867.864258"
"1625","7867.864258"
"1626","7867.864258"
"1627","7867.864258"
"1628","7867.864258"
"1629","7867.864258"
"1630","7867.864258"
"1631","7867.864258"
"1632","7867.864258"
"1633","7867.864258"
"1634","7867.864258"
"1635","7867.864258"
"1636","7867.864258"
"1637","7867.864258"
"1638","7867.864258"
"1639","7867.864258"
"1640","7867.864258"
"1641","7867.864258"
"1642","7867.864258"
"1643","7867.864258"
"1644","7867.864258"
"1645","7867.864258"
"1646","7867.864258"
"1647","7867.864258"
"1648","7867.864258"
"1649","7867.864258"
"1650","7867.864258"
"1651","7867.864258"
"1652","7867.864258"
"1653","7867.864258"
"1654","7866.996582"
"1655","7866.996582"
"1656","7866.996582"
"1657","7866.996582"
"1658","7865.562012"
"1659","7865.562012"
"1660","7865.562012"
"1661","7865.562012"
"1662","7865.562012"
"1663","7865.562012"
"1664","7865.562012"
"1665","7865.562012"
"1666","7865.562012"
"1667","7865.562012"
"1668","7865.562012"
"1669","7865.562012"
"1670","7865.562012"
"1671","7865.562012"
"1672","7865.562012"
"1673","7865.451660"
"1674","7865.451660"
"1675","7865.162598"
"1676","7864.360352"
"1677","7864.360352"
"1678","7864.360352"
"1679","7863.906738"
"1680","7863.906738"
"1681","7861.882813"
"1682","7861.882813"
"1683","7861.882813"
"1684","7861.882813"
"1685","7861.882813"
"1686","7861.882813"
"1687","7861.882813"
"1688","7861.882813"
"1689","7861.882813"
"1690","7861.882813"
"1691","7861.882813"
"1692","7861.882813"
"1693","7861.882813"
"1694","7861.882813"
"1695","7861.882813"
"1696","7861.882813"
"1697","7861.882813"
"1698","7861.882813"
"1699","7861.882813"
"1700","7861.882813"
"1701","7861.882813"
"1702","7861.882813"
"1703","7861.882813"
"1704","7861.882813"
"1705","7861.882813"
"1706","7861.882813"
"1707","7861.882813"
"1708","7861.882813"
"1709","7861.882813"
"1710","7861.882813"
"1711","7861.882813"
"1712","7861.882813"
"1713","7861.882813"
"1714","7861.882813"
"1715","7861.882813"
"1716","7861.882813"
"1717","7861.882813"
"1718","7861.882813"
"1719","7861.882813"
"1720","7861.882813"
"1721","7861.882813"
"1722","7861.882813"
"1723","7861.882813"
"1724","7861.882813"
"1725","7861.882813"
"1726","7861.882813"
"1727","7861.882813"
"1728","7861.882813"
"1729","7861.882813"
"1730","7861.882813"
"1731","7861.882813"
"1732","7861.882813"
"1733","7861.882813"
"1734","7861.882813"
"1735","7861.882813"
"1736","7861.882813"
"1737","7861.882813"
"1738","7861.882813"
"1739","7861.882813"
"1740","7861.882813"
"1741","7861.882813"
"1742","7861.882813"
"1743","7861.882813"
"1744","7861.882813"
"1745","7861.882813"
"1746","7861.882813"
"1747","7861.882813"
"1748","7861.882813"
"1749","7861.882813"
"1750","7861.882813"
"1751","7861.882813"
"1752","7861.882813"
"1753","7861.882813"
"1754","7861.882813"
"1755","7861.882813"
"1756","7861.882813"
"1757","7861.882813"
"1758","7861.882813"
"1759","7861.882813"
"1760","7861.882813"
"1761","7861.882813"
"1762","7861.882813"
"1763","7861.882813"
"1764","7861.882813"
"1765","7861.882813"
"1766","7861.882813"
"1767","7861.882813"
"1768","7861.882813"
"1769","7861.882813"
"1770","7861.882813"
"1771","7861.882813"
"1772","7861.882813"
"1773","7861.882813"
"1774","7861.882813"
"1775","7861.882813"
"1776","7861.882813"
"1777","7861.882813"
"1778","7861.882813"
"1779","7861.882813"
"1780","7861.882813"
"1781","7861.882813"
"1782","7861.882813"
"1783","7861.882813"
"1784","7861.882813"
"1785","7861.882813"
"1786","7861.882813"
"1787","7861.882813"
"1788","7861.882813"
"1789","7861.882813"
"1790","7861.882813"
"1791","7861.882813"
"1792","7861.882813"
"1793","7861.882813"
"1794","7861.882813"
"1795","7861.882813"
"1796","7861.882813"
"1797","7861.882813"
"1798","7861.882813"
"1799","7861.882813"
"1800","7861.882813"
"1801","7861.882813"
"1802","7861.882813"
"1803","7861.882813"
"1804","7861.882813"
"1805","7861.882813"
"1806","7861.882813"
"1807","7861.882813"
"1808","7861.882813"
"1809","7861.882813"
"1810","7861.882813"
"1811","7861.882813"
"1812","7861.882813"
"1813","7861.882813"
"1814","7861.882813"
"1815","7861.882813"
"1816","7861.882813"
"1817","7861.882813"
"1818","7861.882813"
"1819","7861.882813"
"1820","7861.882813"
"1821","7861.882813"
"1822","7861.882813"
"1823","7861.882813"
"1824","7861.882813"
"1825","7861.882813"
"1826","7861.882813"
"1827","7861.882813"
"1828","7861.882813"
"1829","7861.882813"
"1830","7861.882813"
"1831","7861.882813"
"1832","7861.882813"
"1833","7861.882813"
"1834","7861.882813"
"1835","7861.882813"
"1836","7861.882813"
"1837","7861.882813"
"1838","7861.882813"
"1839","7861.882813"
"1840","7861.882813"
"1841","7861.882813"
"1842","7861.882813"
"1843","7861.882813"
"1844","7861.882813"
"1845","7861.882813"
"1846","7861.882813"
"1847","7861.882813"
"1848","7861.882813"
"1849","7861.882813"
"1850","7861.882813"
"1851","7861.882813"
"1852","7861.882813"
"1853","7861.882813"
"1854","7861.882813"
"1855","7861.882813"
"1856","7861.882813"
"1857","7861.882813"
"1858","7861.882813"
"1859","7861.882813"
"1860","7861.882813"
"1861","7861.882813"
"1862","7861.882813"
"1863","7861.882813"
"1864","7861.882813"
"1865","7861.882813"
"1866","7861.882813"
"1867","7861.882813"
"1868","7861.882813"
"1869","7861.882813"
"1870","7861.882813"
"1871","7861.882813"
"1872","7861.882813"
"1873","7861.882813"
"1874","7861.882813"
"1875","7861.882813"
"1876","7861.882813"
"1877","7861.882813"
"1878","7861.882813"
"1879","7861.882813"
"1880","7861.882813"
"1881","7861.882813"
"1882","7861.882813"
"1883","7861.882813"
"1884","7861.882813"
"1885","7861.882813"
"1886","7861.882813"
"1887","7861.882813"
"1888","7861.882813"
"1889","7861.882813"
"1890","7861.882813"
"1891","7861.882813"
"1892","7861.882813"
"1893","7861.882813"
"1894","7861.882813"
"1895","7861.882813"
"1896","7861.882813"
"1897","7861.882813"
"1898","7861.882813"
"1899","7861.882813"
"1900","7861.882813"
"1901","7861.882813"
"1902","7861.882813"
"1903","7861.882813"
"1904","7861.882813"
"1905","7861.882813"
"1906","7861.882813"
"1907","7861.882813"
"1908","7861.882813"
"1909","7861.882813"
"1910","7861.882813"
"1911","7861.882813"
"1912","7861.882813"
"1913","7861.882813"
"1914","7861.882813"
"1915","7861.882813"
"1916","7861.882813"
"1917","7861.882813"
"1918","7861.882813"
"1919","7861.882813"
"1920","7861.882813"
"1921","7861.882813"
"1922","7861.882813"
"1923","7861.882813"
"1924","7861.882813"
"1925","7861.084961"
"1926","7861.084961"
"1927","7861.084961"
"1928","7861.084961"
"1929","7861.084961"
"1930","7861.084961"
"1931","7861.084961"
"1932","7861.084961"
"1933","7860.256836"
"1934","7860.256836"
"1935","7860.256836"
"1936","7860.256836"
"1937","7860.256836"
"1938","7860.256836"
"1939","7860.256836"
"1940","7860.256836"
"1941","7860.256836"
"1942","7860.256836"
"1943","7860.256836"
"1944","7860.256836"
"1945","7860.256836"
"1946","7859.942383"
"1947","7859.289063"
"1948","7858.934082"
"1949","7858.934082"
"1950","7858.934082"
"1951","7857.476074"
"1952","7857.476074"
"1953","7857.080566"
"1954","7857.080566"
"1955","7857.080566"
"1956","7857.080566"
"1957","7857.080566"
"1958","7857.080566"
"1959","7857.080566"
"1960","7857.080566"
"1961","7857.080566"
"1962","7855.494629"
"1963","7855.494629"
"1964","7855.494629"
"1965","7855.494629"
"1966","7855.494629"
"1967","7855.494629"
"1968","7855.494629"
"1969","7855.494629"
"1970","7855.494629"
"1971","7855.494629"
"1972","7855.494629"
"1973","7855.494629"
"1974","7855.494629"
"1975","7855.494629"
"1976","7855.494629"
"1977","7855.494629"
"1978","7855.494629"
"1979","7855.494629"
"1980","7855.494629"
"1981","7855.494629"
"1982","7855.494629"
"1983","7855.494629"
"1984","7854.688965"
"1985","7854.238281"
"1986","7854.238281"
"1987","7854.238281"
"1988","7854.195801"
"1989","7854.195801"
"1990","7853.123047"
"1991","7853.123047"
"1992","7852.946289"
"1993","7852.946289"
"1994","7851.488281"
"1995","7851.488281"
"1996","7851.488281"
"1997","7851.488281"
"1998","7851.488281"
"1999","7851.488281"
"2000","7851.488281"
"2001","7851.488281"
"2002","7851.488281"
"2003","7851.488281"
"2004","7851.488281"
"2005","7851.488281"
"2006","7851.488281"
"2007","7851.488281"
"2008","7851.488281"
"2009","7851.488281"
"2010","7851.488281"
"2011","7851.488281"
"2012","7851.488281"
"2013","7851.488281"
"2014","7851.488281"
"2015","7851.488281"
"2016","7851.488281"
"2017","7851.488281"
"2018","7851.488281"
"2019","7851.488281"
"2020","7850.869629"
"2021","7849.787109"
"2022","7849.787109"
"2023","7849.787109"
"2024","7849.787109"
"2025","7849.787109"
"2026","7849.787109"
"2027","7849.787109"
"2028","7849.787109"
"2029","7849.787109"
"2030","7849.787109"
"2031","7849.787109"
"2032","7849.787109"
"2033","7849.787109"
"2034","7849.787109"
"2035","7849.787109"
"2036","7849.787109"
"2037","7849.787109"
"2038","7849.787109"
"2039","7849.787109"
"2040","7849.787109"
"2041","7849.787109"
"2042","7849.787109"
"2043","7849.787109"
"2044","7849.787109"
"2045","7849.787109"
"2046","7849.787109"
"2047","7849.787109"
"2048","7849.787109"
"2049","7849.787109"
"2050","7849.787109"
"2051","7849.787109"
"2052","7849.787109"
"2053","7849.787109"
"2054","7849.787109"
"2055","7849.787109"
"2056","7849.787109"
"2057","7849.787109"
"2058","7849.787109"
"2059","7849.787109"
"2060","7849.787109"
"2061","7849.787109"
"2062","7849.787109"
"2063","7849.787109"
"2064","7849.787109"
"2065","7849.787109"
"2066","7849.787109"
"2067","7849.787109"
"2068","7849.787109"
"2069","7849.787109"
"2070","7849.787109"
"2071","7849.787109"
"2072","7849.787109"
"2073","7849.787109"
"2074","7849.787109"
"2075","7849.787109"
"2076","7849.787109"
"2077","7849.787109"
"2078","7849.458984"
"2079","7849.458984"
"2080","7849.458984"
"2081","7849.458984"
"2082","7849.458984"
"2083","7848.907715"
"2084","7848.907715"
"2085","7848.907715"
"2086","7848.907715"
"2087","7848.907715"
"2088","7848.907715"
"2089","7848.907715"
"2090","7848.907715"
"2091","7848.907715"
"2092","7848.907715"
"2093","7848.907715"
"2094","7848.907715"
"2095","7848.907715"
"2096","7848.907715"
"2097","7848.907715"
"2098","7848.907715"
"2099","7848.907715"
"2100","7848.831055"
"2101","7848.729004"
"2102","7847.697266"
"2103","7847.697266"
"2104","7847.697266"
"2105","7847.697266"
"2106","7847.697266"
"2107","7847.697266"
"2108","7847.697266"
"2109","7847.697266"
"2110","7847.697266"
"2111","7847.697266"
"2112","7847.697266"
"2113","7847.308105"
"2114","7847.308105"
"2115","7847.308105"
"2116","7846.915527"
"2117","7846.915527"
"2118","7846.915527"
"2119","7846.915527"
"2120","7846.915527"
"2121","7846.915527"
"2122","7844.788086"
"2123","7844.788086"
"2124","7844.788086"
"2125","7844.788086"
"2126","7844.788086"
"2127","7844.788086"
"2128","7844.788086"
"2129","7844.788086"
"2130","7844.788086"
"2131","7844.788086"
"2132","7844.788086"
"2133","7844.788086"
"2134","7844.788086"
"2135","7844.788086"
"2136","7844.788086"
"2137","7844.788086"
"2138","7844.788086"
"2139","7844.788086"
"2140","7844.788086"
"2141","7844.788086"
"2142","7844.788086"
"2143","7844.788086"
"2144","7844.788086"
"2145","7844.788086"
"2146","7844.788086"
"2147","7844.788086"
"2148","7844.788086"
"2149","7844.788086"
"2150","7844.788086"
"2151","7844.788086"
"2152","7844.788086"
"2153","7844.788086"
"2154","7844.788086"
"2155","7844.788086"
"2156","7844.788086"
"2157","7844.788086"
"2158","7844.788086"
"2159","7844.788086"
"2160","7844.788086"
"2161","7844.788086"
"2162","7844.788086"
"2163","7844.788086"
"2164","7844.788086"
"2165","7844.788086"
"2166","7844.788086"
"2167","7844.788086"
"2168","7844.788086"
"2169","7844.788086"
"2170","7844.788086"
"2171","7844.788086"
"2172","7844.788086"
"2173","7844.788086"
"2174","7844.788086"
"2175","7844.788086"
"2176","7844.788086"
"2177","7844.788086"
"2178","7844.788086"
"2179","7844.788086"
"2180","7844.788086"
"2181","7844.788086"
"2182","7844.788086"
"2183","7844.788086"
"2184","7844.788086"
"2185","7844.788086"
"2186","7844.788086"
"2187","7844.788086"
"2188","7844.788086"
"2189","7844.788086"
"2190","7844.788086"
"2191","7844.788086"
"2192","7844.788086"
"2193","7844.788086"
"2194","7844.788086"
"2195","7844.788086"
"2196","7844.788086"
"2197","7844.788086"
"2198","7844.788086"
"2199","7844.788086"
"2200","7844.788086"
"2201","7844.788086"
"2202","7844.788086"
"2203","7844.788086"
"2204","7844.788086"
"2205","7844.788086"
"2206","7844.788086"
"2207","7844.788086"
"2208","7844.788086"
"2209","7844.788086"
"2210","7844.788086"
"2211","7844.788086"
"2212","7844.788086"
"2213","7844.788086"
"2214","7844.788086"
"2215","7844.788086"
"2216","7844.788086"
"2217","7844.788086"
"2218","7844.788086"
"2219","7844.788086"
"2220","7844.788086"
"2221","7844.788086"
"2222","7844.788086"
"2223","7844.788086"
"2224","7844.788086"
"2225","7844.788086"
"2226","7844.788086"
"2227","7844.788086"
"2228","7844.788086"
"2229","7844.788086"
"2230","7844.788086"
"2231","7844.788086"
"2232","7844.788086"
"2233","7844.788086"
"2234","7844.788086"
"2235","7844.788086"
"2236","7844.788086"
"2237","7844.788086"
"2238","7844.788086"
"2239","7844.788086"
"2240","7844.788086"
"2241","7844.788086"
"2242","7844.788086"
"2243","7844.788086"
"2244","7844.788086"
"2245","7844.788086"
"2246","7844.788086"
"2247","7844.788086"
"2248","7844.788086"
"2249","7844.788086"
"2250","7844.690918"
"2251","7844.690918"
"2252","7844.690918"
"2253","7844.690918"
"2254","7844.690918"
"2255","7844.690918"
"2256","7844.690918"
"2257","7843.668945"
"2258","7843.668945"
"2259","7843.668945"
"2260","7843.668945"
"2261","7843.668945"
"2262","7843.668945"
"2263","7843.668945"
"2264","7843.668945"
"2265","7843.668945"
"2266","7843.668945"
"2267","7843.668945"
"2268","7843.668945"
"2269","7843.668945"
"2270","7843.668945"
"2271","7843.668945"
"2272","7843.668945"
"2273","7843.668945"
"2274","7843.668945"
"2275","7843.668945"
"2276","7843.668945"
"2277","7843.668945"
"2278","7843.668945"
"2279","7843.668945"
"2280","7843.668945"
"2281","7843.668945"
"2282","7843.668945"
"2283","7843.668945"
"2284","7843.668945"
"2285","7843.668945"
"2286","7843.668945"
"2287","7843.668945"
"2288","7843.668945"
"2289","7843.668945"
"2290","7843.668945"
"2291","7843.668945"
"2292","7843.668945"
"2293","7843.668945"
"2294","7843.668945"
"2295","7843.668945"
"2296","7843.668945"
"2297","7843.668945"
"2298","7843.668945"
"2299","7843.668945"
"2300","7842.363770"
"2301","7842.363770"
"2302","7842.363770"
"2303","7842.363770"
"2304","7842.363770"
"2305","7842.363770"
"2306","7842.363770"
"2307","7842.363770"
"2308","7842.363770"
"2309","7842.363770"
"2310","7842.363770"
"2311","7842.363770"
"2312","7842.363770"
"2313","7842.363770"
"2314","7842.363770"
"2315","7842.363770"
"2316","7842.363770"
"2317","7842.363770"
"2318","7842.363770"
"2319","7842.363770"
"2320","7842.363770"
"2321","7842.363770"
"2322","7842.363770"
"2323","7842.363770"
"2324","7842.363770"
"2325","7841.477539"
"2326","7841.477539"
"2327","7841.477539"
"2328","7841.477539"
"2329","7841.477539"
"2330","7841.243652"
"2331","7841.243652"
"2332","7841.243652"
"2333","7841.243652"
"2334","7840.078613"
"2335","7840.078613"
"2336","7840.078613"
"2337","7840.078613"
"2338","7840.078613"
"2339","7840.078613"
"2340","7840.078613"
"2341","7840.078613"
"2342","7839.575684"
"2343","7839.575684"
"2344","7839.543945"
"2345","7839.543945"
"2346","7838.884766"
"2347","7838.884766"
"2348","7838.884766"
"2349","7838.884766"
"2350","7838.884766"
"2351","7838.884766"
"2352","7838.880371"
"2353","7838.880371"
"2354","7838.880371"
"2355","7838.094238"
"2356","7838.094238"
"2357","7838.094238"
"2358","7838.094238"
"2359","7838.094238"
"2360","7838.094238"
"2361","7838.094238"
"2362","7838.094238"
"2363","7838.094238"
"2364","7838.094238"
"2365","7838.094238"
"2366","7838.094238"
"2367","7838.094238"
"2368","7837.117188"
"2369","7837.117188"
"2370","7837.117188"
"2371","7837.117188"
"2372","7837.117188"
"2373","7837.117188"
"2374","7837.117188"
"2375","7837.117188"
"2376","7837.117188"
"2377","7837.117188"
"2378","7837.117188"
"2379","7837.117188"
"2380","7837.117188"
"2381","7837.117188"
"2382","7837.117188"
"2383","7837.117188"
"2384","7837.117188"
"2385","7837.117188"
"2386","7837.117188"
"2387","7837.117188"
"2388","7837.117188"
"2389","7837.117188"
"2390","7837.117188"
"2391","7837.117188"
"2392","7837.117188"
"2393","7837.117188"
"2394","7837.117188"
"2395","7837.117188"
"2396","7837.117188"
"2397","7837.117188"
"2398","7837.117188"
"2399","7837.117188"
"2400","7837.117188"
"2401","7837.117188"
"2402","7837.117188"
"2403","7837.117188"
"2404","7837.117188"
"2405","7837.117188"
"2406","7837.117188"
"2407","7836.703125"
"2408","7836.449219"
"2409","7836.449219"
"2410","7836.449219"
"2411","7836.449219"
"2412","7836.449219"
"2413","7835.922852"
"2414","7835.922852"
"2415","7835.858887"
"2416","7835.858887"
"2417","7835.858887"
"2418","7835.484375"
"2419","7835.484375"
"2420","7835.484375"
"2421","7835.484375"
"2422","7835.484375"
"2423","7835.484375"
"2424","7835.484375"
"2425","7835.484375"
"2426","7835.145996"
"2427","7835.145996"
"2428","7835.145996"
"2429","7835.145996"
"2430","7835.145996"
"2431","7835.145996"
"2432","7835.145996"
"2433","7835.145996"
"2434","7835.145996"
"2435","7835.145996"
"2436","7835.145996"
"2437","7835.145996"
"2438","7835.145996"
"2439","7835.145996"
"2440","7835.145996"
"2441","7835.125000"
"2442","7835.125000"
"2443","7834.112305"
"2444","7834.112305"
"2445","7834.112305"
"2446","7834.112305"
"2447","7834.112305"
"2448","7834.112305"
"2449","7834.112305"
"2450","7834.112305"
"2451","7834.112305"
"2452","7834.112305"
"2453","7834.112305"
"2454","7834.112305"
"2455","7834.112305"
"2456","7834.112305"
"2457","7834.112305"
"2458","7834.112305"
"2459","7834.112305"
"2460","7834.112305"
"2461","7834.112305"
"2462","7834.112305"
"2463","7834.112305"
"2464","7834.112305"
"2465","7834.112305"
"2466","7834.112305"
"2467","7834.112305"
"2468","7834.112305"
"2469","7834.112305"
"2470","7834.112305"
"2471","7834.112305"
"2472","7831.212402"
"2473","7831.212402"
"2474","7831.212402"
"2475","7831.212402"
"2476","7831.212402"
"2477","7831.212402"
"2478","7831.212402"
"2479","7831.212402"
"2480","7831.212402"
"2481","7831.212402"
"2482","7831.212402"
"2483","7831.212402"
"2484","7831.212402"
"2485","7831.212402"
"2486","7831.212402"
"2487","7831.212402"
"2488","7831.212402"
"2489","7831.212402"
"2490","7831.212402"
"2491","7831.212402"
"2492","7831.212402"
"2493","7831.212402"
"2494","7831.212402"
"2495","7831.212402"
"2496","7831.212402"
"2497","7831.212402"
"2498","7831.212402"
"2499","7831.212402"
"2500","7831.212402"
"2501","7831.212402"
"2502","7831.212402"
"2503","7831.212402"
"2504","7831.212402"
"2505","7831.212402"
"2506","7831.212402"
"2507","7831.212402"
"2508","7831.212402"
"2509","7831.212402"
"2510","7831.212402"
"2511","7831.212402"
"2512","7831.212402"
"2513","7831.212402"
"2514","7831.212402"
"2515","7831.212402"
"2516","7831.212402"
"2517","7831.212402"
"2518","7831.212402"
"2519","7831.212402"
"2520","7831.212402"
"2521","7831.212402"
"2522","7831.212402"
"2523","7831.212402"
"2524","7831.212402"
"2525","7831.212402"
"2526","7831.212402"
"2527","7831.212402"
"2528","7831.212402"
"2529","7831.212402"
"2530","7831.212402"
"2531","7831.212402"
"2532","7831.212402"
"2533","7831.212402"
"2534","7831.212402"
"2535","7831.212402"
"2536","7831.212402"
"2537","7831.212402"
"2538","7831.212402"
"2539","7831.212402"
"2540","7831.212402"
"2541","7831.212402"
"2542","7831.212402"
"2543","7831.212402"
"2544","7831.212402"
"2545","7831.212402"
"2546","7831.212402"
"2547","7831.212402"
"2548","7831.212402"
"2549","7831.212402"
"2550","7831.212402"
"2551","7831.212402"
"2552","7831.212402"
"2553","7831.212402"
"2554","7831.212402"
"2555","7831.212402"
"2556","7831.212402"
"2557","7831.212402"
"2558","7831.212402"
"2559","7831.212402"
"2560","7831.212402"
"2561","7831.212402"
"2562","7831.212402"
"2563","7831.212402"
"2564","7831.212402"
"2565","7831.212402"
"2566","7831.212402"
"2567","7831.212402"
"2568","7831.212402"
"2569","7831.212402"
"2570","7831.212402"
"2571","7831.212402"
"2572","7831.212402"
"2573","7831.212402"
"2574","7831.212402"
"2575","7831.212402"
"2576","7831.212402"
"2577","7831.212402"
"2578","7831.212402"
"2579","7831.212402"
"2580","7831.212402"
"2581","7831.212402"
"2582","7831.212402"
"2583","7831.212402"
"2584","7831.212402"
"2585","7831.212402"
"2586","7831.212402"
"2587","7831.212402"
"2588","7831.212402"
"2589","7831.212402"
"2590","7831.212402"
"2591","7831.212402"
"2592","7831.212402"
"2593","7831.212402"
"2594","7831.212402"
"2595","7831.212402"
"2596","7831.212402"
"2597","7831.212402"
"2598","7831.212402"
"2599","7831.212402"
"2600","7831.212402"
"2601","7831.212402"
"2602","7831.212402"
"2603","7831.212402"
"2604","7831.212402"
"2605","7831.212402"
"2606","7831.212402"
"2607","7831.212402"
"2608","7831.212402"
"2609","7831.212402"
"2610","7831.212402"
"2611","7831.212402"
"2612","7831.212402"
"2613","7831.212402"
"2614","7831.212402"
"2615","7831.212402"
"2616","7831.212402"
"2617","7831.212402"
"2618","7831.212402"
"2619","7831.212402"
"2620","7831.212402"
"2621","7831.212402"
"2622","7831.212402"
"2623","7831.212402"
"2624","7831.212402"
"2625","7831.212402"
"2626","7831.212402"
"2627","7831.212402"
"2628","7831.212402"
"2629","7831.212402"
"2630","7831.212402"
"2631","7831.212402"
"2632","7831.212402"
"2633","7831.212402"
"2634","7831.212402"
"2635","7831.212402"
"2636","7831.212402"
"2637","7831.212402"
"2638","7831.212402"
"2639","7831.212402"
"2640","7831.212402"
"2641","7831.212402"
"2642","7831.212402"
"2643","7831.212402"
"2644","7831.212402"
"2645","7831.212402"
"2646","7831.212402"
"2647","7831.212402"
"2648","7831.212402"
"2649","7831.212402"
"2650","7831.212402"
"2651","7831.212402"
"2652","7831.212402"
"2653","7831.212402"
"2654","7831.212402"
"2655","7831.212402"
"2656","7831.212402"
"2657","7831.212402"
"2658","7831.212402"
"2659","7831.212402"
"2660","7831.212402"
"2661","7831.212402"
"2662","7831.212402"
"2663","7831.212402"
"2664","7831.212402"
"2665","7831.212402"
"2666","7831.212402"
"2667","7831.212402"
"2668","7831.212402"
"2669","7831.212402"
"2670","7831.212402"
"2671","7831.212402"
"2672","7831.212402"
"2673","7831.212402"
"2674","7831.212402"
"2675","7831.212402"
"2676","7831.212402"
"2677","7831.212402"
"2678","7831.212402"
"2679","7831.212402"
"2680","7831.212402"
"2681","7831.212402"
"2682","7831.212402"
"2683","7831.212402"
"2684","7831.212402"
"2685","7831.212402"
"2686","7831.212402"
"2687","7831.212402"
"2688","7831.212402"
"2689","7831.212402"
"2690","7831.212402"
"2691","7831.212402"
"2692","7831.212402"
"2693","7831.212402"
"2694","7831.212402"
"2695","7831.212402"
"2696","7831.212402"
"2697","7831.212402"
"2698","7831.212402"
"2699","7831.212402"
"2700","7831.212402"
"2701","7831.212402"
"2702","7831.212402"
"2703","7831.212402"
"2704","7831.212402"
"2705","7831.212402"
"2706","7831.212402"
"2707","7831.212402"
"2708","7831.212402"
"2709","7831.212402"
"2710","7831.212402"
"2711","7831.212402"
"2712","7831.212402"
"2713","7831.212402"
"2714","7831.212402"
"2715","7831.212402"
"2716","7831.212402"
"2717","7831.212402"
"2718","7831.212402"
"2719","7831.212402"
"2720","7831.212402"
"2721","7831.212402"
"2722","7831.212402"
"2723","7831.212402"
"2724","7831.212402"
"2725","7831.212402"
"2726","7831.212402"
"2727","7831.212402"
"2728","7831.212402"
"2729","7831.212402"
"2730","7831.212402"
"2731","7831.212402"
"2732","7831.212402"
"2733","7831.212402"
"2734","7831.212402"
"2735","7831.212402"
"2736","7831.212402"
"2737","7831.212402"
"2738","7831.212402"
"2739","7831.212402"
"2740","7831.212402"
"2741","7831.212402"
"2742","7831.212402"
"2743","7831.212402"
"2744","7831.212402"
"2745","7831.212402"
"2746","7831.212402"
"2747","7831.212402"
"2748","7831.212402"
"2749","7831.212402"
"2750","7831.212402"
"2751","7831.212402"
"2752","7831.212402"
"2753","7831.212402"
"2754","7831.212402"
"2755","7831.212402"
"2756","7831.212402"
"2757","7831.212402"
"2758","7831.212402"
"2759","7831.212402"
"2760","7831.212402"
"2761","7831.212402"
"2762","7831.212402"
"2763","7831.212402"
"2764","7831.212402"
"2765","7831.212402"
"2766","7831.212402"
"2767","7831.212402"
"2768","7831.212402"
"2769","7831.212402"
"2770","7831.212402"
"2771","7831.212402"
"2772","7831.212402"
"2773","7831.212402"
"2774","7831.212402"
"2775","7831.212402"
"2776","7831.212402"
"2777","7831.212402"
"2778","7831.212402"
"2779","7831.212402"
"2780","7831.212402"
"2781","7831.212402"
"2782","7831.212402"
"2783","7831.212402"
"2784","7831.212402"
"2785","7831.212402"
"2786","7831.212402"
"2787","7831.212402"
"2788","7831.212402"
"2789","7831.212402"
"2790","7831.212402"
"2791","7831.212402"
"2792","7831.212402"
"2793","7831.212402"
"2794","7831.212402"
"2795","7831.212402"
"2796","7831.212402"
"2797","7831.212402"
"2798","7831.212402"
"2799","7831.212402"
"2800","7831.212402"
"2801","7831.212402"
"2802","7831.212402"
"2803","7831.212402"
"2804","7831.212402"
"2805","7831.212402"
"2806","7831.212402"
"2807","7831.212402"
"2808","7831.212402"
"2809","7831.212402"
"2810","7831.212402"
"2811","7831.212402"
"2812","7831.212402"
"2813","7831.212402"
"2814","7831.212402"
"2815","7831.212402"
"2816","7831.212402"
"2817","7831.212402"
"2818","7831.212402"
"2819","7831.212402"
"2820","7831.212402"
"2821","7831.212402"
"2822","7831.212402"
"2823","7831.212402"
"2824","7831.212402"
"2825","7831.212402"
"2826","7831.212402"
"2827","7831.212402"
"2828","7831.212402"
"2829","7831.212402"
"2830","7831.212402"
"2831","7831.212402"
"2832","7831.212402"
"2833","7831.212402"
"2834","7831.212402"
"2835","7831.212402"
"2836","7831.212402"
"2837","7831.212402"
"2838","7831.212402"
"2839","7831.212402"
"2840","7831.212402"
"2841","7831.212402"
"2842","7831.212402"
"2843","7831.212402"
"2844","7831.212402"
"2845","7831.212402"
"2846","7831.212402"
"2847","7831.212402"
"2848","7831.212402"
"2849","7831.212402"
"2850","7831.212402"
"2851","7831.212402"
"2852","7831.212402"
"2853","7831.212402"
"2854","7831.212402"
"2855","7831.212402"
"2856","7831.212402"
"2857","7831.212402"
"2858","7831.212402"
"2859","7831.212402"
"2860","7831.212402"
"2861","7831.212402"
"2862","7831.212402"
"2863","7831.212402"
"2864","7831.212402"
"2865","7831.212402"
"2866","7831.212402"
"2867","7831.212402"
"2868","7831.212402"
"2869","7831.212402"
"2870","7831.212402"
"2871","7831.212402"
"2872","7831.212402"
"2873","7831.212402"
"2874","7831.212402"
"2875","7831.212402"
"2876","7831.212402"
"2877","7831.212402"
"2878","7831.212402"
"2879","7831.212402"
"2880","7831.212402"
"2881","7831.212402"
"2882","7831.212402"
"2883","7831.212402"
"2884","7831.212402"
"2885","7831.212402"
"2886","7831.212402"
"2887","7831.212402"
"2888","7831.212402"
"2889","7831.212402"
"2890","7831.212402"
"2891","7831.212402"
"2892","7831.212402"
"2893","7831.212402"
"2894","7831.212402"
"2895","7831.212402"
"2896","7831.212402"
"2897","7831.212402"
"2898","7831.212402"
"2899","7831.212402"
"2900","7831.212402"
"2901","7831.212402"
"2902","7831.212402"
"2903","7831.212402"
"2904","7831.212402"
"2905","7831.212402"
"2906","7831.212402"
"2907","7831.212402"
"2908","7831.212402"
"2909","7831.212402"
"2910","7831.212402"
"2911","7831.212402"
"2912","7831.212402"
"2913","7831.212402"
"2914","7831.212402"
"2915","7831.212402"
"2916","7831.212402"
"2917","7831.212402"
"2918","7831.212402"
"2919","7831.212402"
"2920","7831.212402"
"2921","7831.212402"
"2922","7831.212402"
"2923","7831.212402"
"2924","7831.212402"
"2925","7831.212402"
"2926","7831.212402"
"2927","7831.212402"
"2928","7831.212402"
"2929","7831.212402"
"2930","7831.212402"
"2931","7831.212402"
"2932","7831.212402"
"2933","7831.212402"
"2934","7831.212402"
"2935","7831.212402"
"2936","7831.212402"
"2937","7831.212402"
"2938","7831.212402"
"2939","7831.212402"
"2940","7831.212402"
"2941","7831.212402"
"2942","7831.212402"
"2943","7831.212402"
"2944","7831.212402"
"2945","7831.212402"
"2946","7831.212402"
"2947","7831.212402"
"2948","7831.212402"
"2949","7831.212402"
"2950","7831.212402"
"2951","7831.212402"
"2952","7831.212402"
"2953","7831.212402"
"2954","7831.212402"
"2955","7831.212402"
"2956","7831.212402"
"2957","7831.212402"
"2958","7831.212402"
"2959","7831.212402"
"2960","7831.212402"
"2961","7831.212402"
"2962","7831.212402"
"2963","7831.212402"
"2964","7831.212402"
"2965","7831.212402"
"2966","7831.212402"
"2967","7831.212402"
"2968","7831.212402"
"2969","7831.212402"
"2970","7831.212402"
"2971","7831.212402"
"2972","7831.212402"
"2973","7831.212402"
"2974","7831.212402"
"2975","7831.212402"
"2976","7831.212402"
"2977","7831.212402"
"2978","7831.212402"
"2979","7831.212402"
"2980","7831.212402"
"2981","7831.212402"
"2982","7831.212402"
"2983","7831.212402"
"2984","7831.212402"
"2985","7831.212402"
"2986","7831.212402"
"2987","7831.212402"
"2988","7831.212402"
"2989","7831.212402"
"2990","7831.212402"
"2991","7831.212402"
"2992","7831.212402"
"2993","7831.212402"
"2994","7831.212402"
"2995","7831.212402"
"2996","7831.212402"
"2997","7831.212402"
"2998","7831.212402"
"2999","7831.212402"
"3000","7831.212402"
"3001","7831.212402"
"3002","7831.212402"
"3003","7831.212402"
"3004","7831.212402"
"3005","7831.212402"
"3006","7831.212402"
"3007","7831.212402"
"3008","7831.212402"
"3009","7831.212402"
"3010","7831.212402"
"3011","7831.212402"
"3012","7831.212402"
"3013","7831.212402"
"3014","7831.212402"
"3015","7831.212402"
"3016","7831.212402"
"3017","7831.212402"
"3018","7831.212402"
"3019","7831.212402"
"3020","7831.212402"
"3021","7831.212402"
"3022","7831.212402"
"3023","7831.212402"
"3024","7831.212402"
"3025","7831.212402"
"3026","7831.212402"
"3027","7831.212402"
"3028","7831.212402"
"3029","7831.212402"
"3030","7831.212402"
"3031","7831.212402"
"3032","7831.212402"
"3033","7831.212402"
"3034","7831.212402"
"3035","7831.212402"
"3036","7831.212402"
"3037","7831.212402"
"3038","7831.212402"
"3039","7831.212402"
"3040","7831.212402"
"3041","7831.212402"
"3042","7831.212402"
"3043","7831.212402"
"3044","7831.212402"
"3045","7831.212402"
"3046","7831.212402"
"3047","7831.212402"
"3048","7831.212402"
"3049","7831.212402"
"3050","7831.212402"
"3051","7831.212402"
"3052","7831.212402"
"3053","7831.212402"
"3054","7831.212402"
"3055","7831.212402"
"3056","7831.212402"
"3057","7831.212402"
"3058","7831.212402"
"3059","7831.212402"
"3060","7831.212402"
"3061","7831.212402"
"3062","7831.212402"
"3063","7831.212402"
"3064","7831.212402"
"3065","7831.212402"
"3066","7831.212402"
"3067","7831.212402"
"3068","7831.212402"
"3069","7831.212402"
"3070","7831.212402"
"3071","7831.212402"
"3072","7831.212402"
"3073","7831.212402"
"3074","7831.212402"
"3075","7831.212402"
"3076","7831.212402"
"3077","7831.212402"
"3078","7831.212402"
"3079","7831.212402"
"3080","7831.212402"
"3081","7831.212402"
"3082","7831.212402"
"3083","7831.212402"
"3084","7831.212402"
"3085","7831.212402"
"3086","7831.212402"
"3087","7831.212402"
"3088","7831.212402"
"3089","7831.212402"
"3090","7831.212402"
"3091","7831.212402"
"3092","7831.212402"
"3093","7831.212402"
"3094","7831.212402"
"3095","7831.212402"
"3096","7831.212402"
"3097","7831.212402"
"3098","7831.212402"
"3099","7831.212402"
"3100","7831.212402"
"3101","7831.212402"
"3102","7831.212402"
"3103","7831.212402"
"3104","7831.212402"
"3105","7831.212402"
"3106","7831.212402"
"3107","7831.212402"
"3108","7831.212402"
"3109","7831.212402"
"3110","7831.212402"
"3111","7831.212402"
"3112","7831.212402"
"3113","7831.212402"
"3114","7831.212402"
"3115","7831.212402"
"3116","7831.212402"
"3117","7831.212402"
"3118","7831.212402"
"3119","7831.212402"
"3120","7831.212402"
"3121","7831.212402"
"3122","7831.212402"
"3123","7831.212402"
"3124","7831.212402"
"3125","7831.212402"
"3126","7831.212402"
"3127","7831.212402"
"3128","7831.212402"
"3129","7831.212402"
"3130","7831.212402"
"3131","7831.212402"
"3132","7831.212402"
"3133","7831.212402"
"3134","7831.212402"
"3135","7831.212402"
"3136","7831.212402"
"3137","7831.212402"
"3138","7831.212402"
"3139","7831.212402"
"3140","7831.212402"
"3141","7831.212402"
"3142","7831.212402"
"3143","7831.212402"
"3144","7831.212402"
"3145","7831.212402"
"3146","7831.212402"
"3147","7831.212402"
"3148","7831.212402"
"3149","7831.212402"
"3150","7831.212402"
"3151","7831.212402"
"3152","7831.212402"
"3153","7831.212402"
"3154","7831.212402"
"3155","7831.212402"
"3156","7831.212402"
"3157","7831.212402"
"3158","7831.212402"
"3159","7831.212402"
"3160","7831.212402"
"3161","7831.212402"
"3162","7831.212402"
"3163","7831.212402"
"3164","7831.212402"
"3165","7831.212402"
"3166","7831.212402"
"3167","7831.212402"
"3168","7831.212402"
"3169","7831.212402"
"3170","7831.212402"
"3171","7831.212402"
"3172","7831.212402"
"3173","7831.212402"
"3174","7831.212402"
"3175","7831.212402"
"3176","7831.212402"
"3177","7831.212402"
"3178","7831.212402"
"3179","7831.212402"
"3180","7831.212402"
"3181","7831.212402"
"3182","7831.212402"
"3183","7831.212402"
"3184","7831.212402"
"3185","7831.212402"
"3186","7831.212402"
"3187","7831.212402"
"3188","7831.212402"
"3189","7831.212402"
"3190","7831.212402"
"3191","7831.212402"
"3192","7831.212402"
"3193","7831.212402"
"3194","7831.212402"
"3195","7831.212402"
"3196","7831.212402"
"3197","7831.212402"
"3198","7831.212402"
"3199","7831.212402"
"3200","7831.212402"
"3201","7831.212402"
"3202","7831.212402"
"3203","7831.212402"
"3204","7831.212402"
"3205","7831.212402"
"3206","7831.212402"
"3207","7831.212402"
"3208","7831.212402"
"3209","7831.212402"
"3210","7831.212402"
"3211","7831.212402"
"3212","7831.212402"
"3213","7831.212402"
"3214","7831.212402"
"3215","7831.212402"
"3216","7831.212402"
"3217","7831.212402"
"3218","7831.212402"
"3219","7831.212402"
"3220","7831.212402"
"3221","7831.212402"
"3222","7831.212402"
"3223","7831.212402"
"3224","7831.212402"
"3225","7831.212402"
"3226","7831.212402"
"3227","7831.212402"
"3228","7831.212402"
"3229","7831.212402"
"3230","7831.212402"
"3231","7831.212402"
"3232","7831.212402"
"3233","7831.212402"
"3234","7831.212402"
"3235","7831.212402"
"3236","7831.212402"
"3237","7831.212402"
"3238","7831.212402"
"3239","7831.212402"
"3240","7831.212402"
"3241","7831.212402"
"3242","7831.212402"
"3243","7831.212402"
"3244","7831.212402"
"3245","7831.212402"
"3246","7831.212402"
"3247","7831.212402"
"3248","7831.212402"
"3249","7831.212402"
"3250","7831.212402"
"3251","7831.212402"
"3252","7831.212402"
"3253","7831.212402"
"3254","7831.212402"
"3255","7831.212402"
"3256","7831.212402"
"3257","7831.212402"
"3258","7831.212402"
"3259","7831.212402"
"3260","7831.212402"
"3261","7831.212402"
"3262","7831.212402"
"3263","7831.212402"
"3264","7831.212402"
"3265","7831.212402"
"3266","7831.212402"
"3267","7831.212402"
"3268","7831.212402"
"3269","7831.212402"
"3270","7831.212402"
"3271","7831.212402"
"3272","7831.212402"
"3273","7831.212402"
"3274","7831.212402"
"3275","7831.212402"
"3276","7831.212402"
"3277","7831.212402"
"3278","7831.212402"
"3279","7831.212402"
"3280","7831.212402"
"3281","7831.212402"
"3282","7831.212402"
"3283","7831.212402"
"3284","7831.212402"
"3285","7831.212402"
"3286","7831.212402"
"3287","7831.212402"
"3288","7831.212402"
"3289","7831.212402"
"3290","7831.212402"
"3291","7831.212402"
"3292","7831.212402"
"3293","7831.212402"
"3294","7831.212402"
"3295","7831.212402"
"3296","7831.212402"
"3297","7831.212402"
"3298","7831.212402"
"3299","7831.212402"
"3300","7831.212402"
"3301","7831.212402"
"3302","7831.212402"
"3303","7831.212402"
"3304","7831.212402"
"3305","7831.212402"
"3306","7831.212402"
"3307","7831.212402"
"3308","7831.212402"
"3309","7831.212402"
"3310","7831.212402"
"3311","7831.212402"
"3312","7831.212402"
"3313","7831.212402"
"3314","7831.212402"
"3315","7831.212402"
"3316","7831.212402"
"3317","7831.212402"
"3318","7831.212402"
"3319","7831.212402"
"3320","7831.212402"
"3321","7831.212402"
"3322","7831.212402"
"3323","7831.212402"
"3324","7831.212402"
"3325","7831.212402"
"3326","7831.212402"
"3327","7831.212402"
"3328","7831.212402"
"3329","7831.212402"
"3330","7831.212402"
"3331","7831.212402"
"3332","7831.212402"
"3333","7831.212402"
"3334","7831.212402"
"3335","7831.212402"
"3336","7831.212402"
"3337","7831.212402"
"3338","7831.212402"
"3339","7831.212402"
"3340","7831.212402"
"3341","7831.212402"
"3342","7831.212402"
"3343","7831.212402"
"3344","7831.212402"
"3345","7831.212402"
"3346","7831.212402"
"3347","7831.212402"
"3348","7831.212402"
"3349","7831.212402"
"3350","7831.212402"
"3351","7831.212402"
"3352","7831.212402"
"3353","7831.212402"
"3354","7831.212402"
"3355","7831.212402"
"3356","7831.212402"
"3357","7831.212402"
"3358","7831.212402"
"3359","7831.212402"
"3360","7831.212402"
"3361","7831.212402"
"3362","7831.212402"
"3363","7831.212402"
"3364","7831.212402"
"3365","7831.212402"
"3366","7831.212402"
"3367","7831.212402"
"3368","7831.212402"
"3369","7831.212402"
"3370","7831.212402"
"3371","7831.212402"
"3372","7831.212402"
"3373","7831.212402"
"3374","7831.212402"
"3375","7831.212402"
"3376","7831.212402"
"3377","7831.212402"
"3378","7831.212402"
"3379","7831.212402"
"3380","7831.212402"
"3381","7831.212402"
"3382","7831.212402"
"3383","7831.212402"
"3384","7831.212402"
"3385","7831.212402"
"3386","7831.212402"
"3387","7831.212402"
"3388","7831.212402"
"3389","7831.212402"
"3390","7831.212402"
"3391","7831.212402"
"3392","7831.212402"
"3393","7831.212402"
"3394","7831.212402"
"3395","7831.212402"
"3396","7831.212402"
"3397","7831.212402"
"3398","7831.212402"
"3399","7831.212402"
"3400","7831.212402"
"3401","7831.212402"
"3402","7831.212402"
"3403","7831.212402"
"3404","7831.212402"
"3405","7831.212402"
"3406","7831.212402"
"3407","7831.212402"
"3408","7831.212402"
"3409","7831.212402"
"3410","7831.212402"
"3411","7831.212402"
"3412","7831.212402"
"3413","7831.212402"
"3414","7831.212402"
"3415","7831.212402"
"3416","7831.212402"
"3417","7831.212402"
"3418","7831.212402"
"3419","7831.212402"
"3420","7831.212402"
"3421","7831.212402"
"3422","7831.212402"
"3423","7831.212402"
"3424","7831.212402"
"3425","7831.212402"
"3426","7831.212402"
"3427","7831.212402"
"3428","7831.212402"
"3429","7831.212402"
"3430","7831.212402"
"3431","7831.212402"
"3432","7831.212402"
"3433","7831.212402"
"3434","7831.212402"
"3435","7831.212402"
"3436","7831.212402"
"3437","7831.212402"
"3438","7831.212402"
"3439","7831.212402"
"3440","7831.212402"
"3441","7831.212402"
"3442","7831.212402"
"3443","7831.212402"
"3444","7831.212402"
"3445","7831.212402"
"3446","7831.212402"
"3447","7831.212402"
"3448","7831.212402"
"3449","7831.212402"
"3450","7831.212402"
"3451","7831.212402"
"3452","7831.212402"
"3453","7831.212402"
"3454","7831.212402"
"3455","7831.212402"
"3456","7831.212402"
"3457","7831.212402"
"3458","7831.212402"
"3459","7831.212402"
"3460","7831.212402"
"3461","7831.212402"
"3462","7831.212402"
"3463","7831.212402"
"3464","7831.212402"
"3465","7831.212402"
"3466","7831.212402"
"3467","7831.212402"
"3468","7831.212402"
"3469","7831.212402"
"3470","7831.212402"
"3471","7831.212402"
"3472","7831.212402"
"3473","7831.212402"
"3474","7831.212402"
"3475","7831.212402"
"3476","7831.212402"
"3477","7831.212402"
"3478","7831.212402"
"3479","7831.212402"
"3480","7831.212402"
"3481","7831.212402"
"3482","7831.212402"
"3483","7831.212402"
"3484","7831.212402"
"3485","7831.212402"
"3486","7831.212402"
"3487","7831.212402"
"3488","7831.212402"
"3489","7831.212402"
"3490","7831.212402"
"3491","7831.212402"
"3492","7831.212402"
"3493","7831.212402"
"3494","7831.212402"
"3495","7831.212402"
"3496","7831.212402"
"3497","7831.212402"
"3498","7831.212402"
"3499","7831.212402"
"3500","7831.212402"
"3501","7831.212402"
"3502","7831.212402"
"3503","7831.212402"
"3504","7831.212402"
"3505","7831.212402"
"3506","7831.212402"
"3507","7831.212402"
"3508","7831.212402"
"3509","7831.212402"
"3510","7831.212402"
"3511","7831.212402"
"3512","7831.212402"
"3513","7831.212402"
"3514","7831.212402"
"3515","7831.212402"
"3516","7831.212402"
"3517","7831.212402"
"3518","7831.212402"
"3519","7831.212402"
"3520","7831.212402"
"3521","7831.212402"
"3522","7831.212402"
"3523","7831.212402"
"3524","7831.212402"
"3525","7831.212402"
"3526","7831.212402"
"3527","7831.212402"
"3528","7831.212402"
"3529","7831.212402"
"3530","7831.212402"
"3531","7831.212402"
"3532","7831.212402"
"3533","7831.212402"
"3534","7831.212402"
"3535","7831.212402"
"3536","7831.212402"
"3537","7831.212402"
"3538","7831.212402"
"3539","7831.212402"
"3540","7831.212402"
"3541","7831.212402"
"3542","7831.212402"
"3543","7831.212402"
"3544","7831.212402"
"3545","7831.212402"
"3546","7831.212402"
"3547","7831.212402"
"3548","7831.212402"
"3549","7831.212402"
"3550","7831.212402"
"3551","7831.212402"
"3552","7831.212402"
"3553","7831.212402"
"3554","7831.212402"
"3555","7831.212402"
"3556","7831.212402"
"3557","7831.212402"
"3558","7831.212402"
"3559","7831.212402"
"3560","7831.212402"
"3561","7831.212402"
"3562","7831.212402"
"3563","7831.212402"
"3564","7831.212402"
"3565","7831.212402"
"3566","7831.212402"
"3567","7831.212402"
"3568","7831.212402"
"3569","7831.212402"
"3570","7831.212402"
"3571","7831.212402"
"3572","7831.212402"
"3573","7831.212402"
"3574","7831.212402"
"3575","7831.212402"
"3576","7831.212402"
"3577","7831.212402"
"3578","7831.212402"
"3579","7831.212402"
"3580","7831.212402"
"3581","7831.212402"
"3582","7831.212402"
"3583","7831.212402"
"3584","7831.212402"
"3585","7831.212402"
"3586","7831.212402"
"3587","7831.212402"
"3588","7831.212402"
"3589","7831.212402"
"3590","7831.212402"
"3591","7831.212402"
"3592","7831.212402"
"3593","7831.212402"
"3594","7831.212402"
"3595","7831.212402"
"3596","7831.212402"
"3597","7831.212402"
"3598","7831.212402"
"3599","7831.212402"
"3600","7831.212402"
"3601","7831.212402"
"3602","7831.212402"
"3603","7831.212402"
"3604","7831.212402"
"3605","7831.212402"
"3606","7831.212402"
"3607","7831.212402"
"3608","7831.212402"
"3609","7831.212402"
"3610","7831.212402"
"3611","7831.212402"
"3612","7831.212402"
"3613","7831.212402"
"3614","7831.212402"
"3615","7831.212402"
"3616","7831.212402"
"3617","7831.212402"
"3618","7831.212402"
"3619","7831.212402"
"3620","7831.212402"
"3621","7831.212402"
"3622","7831.212402"
"3623","7831.212402"
"3624","7831.212402"
"3625","7831.212402"
"3626","7831.212402"
"3627","7831.212402"
"3628","7831.212402"
"3629","7831.212402"
"3630","7831.212402"
"3631","7831.212402"
"3632","7831.212402"
"3633","7831.212402"
"3634","7831.212402"
"3635","7831.212402"
"3636","7831.212402"
"3637","7831.212402"
"3638","7831.212402"
"3639","7831.212402"
"3640","7831.212402"
"3641","7831.212402"
"3642","7831.212402"
"3643","7831.212402"
"3644","7831.212402"
"3645","7831.212402"
"3646","7831.212402"
"3647","7831.212402"
"3648","7831.212402"
"3649","7831.212402"
"3650","7831.212402"
"3651","7831.212402"
"3652","7831.212402"
"3653","7831.212402"
"3654","7831.212402"
"3655","7831.212402"
"3656","7831.212402"
"3657","7831.212402"
"3658","7831.212402"
"3659","7831.212402"
"3660","7831.212402"
"3661","7831.212402"
"3662","7831.212402"
"3663","7831.212402"
"3664","7831.212402"
"3665","7831.212402"
"3666","7831.212402"
"3667","7831.212402"
"3668","7831.212402"
"3669","7831.212402"
"3670","7831.212402"
"3671","7831.212402"
"3672","7831.212402"
"3673","7831.212402"
"3674","7831.212402"
"3675","7831.212402"
"3676","7831.212402"
"3677","7831.212402"
"3678","7831.212402"
"3679","7831.212402"
"3680","7831.212402"
"3681","7831.212402"
"3682","7831.212402"
"3683","7831.212402"
"3684","7831.212402"
"3685","7831.212402"
"3686","7831.212402"
"3687","7831.212402"
"3688","7831.212402"
"3689","7831.212402"
"3690","7831.212402"
"3691","7831.212402"
"3692","7831.212402"
"3693","7831.212402"
"3694","7831.212402"
"3695","7831.212402"
"3696","7831.212402"
"3697","7831.212402"
"3698","7831.212402"
"3699","7831.212402"
"3700","7831.212402"
"3701","7831.212402"
"3702","7831.212402"
"3703","7831.212402"
"3704","7831.212402"
"3705","7831.212402"
"3706","7831.212402"
"3707","7831.212402"
"3708","7831.212402"
"3709","7831.212402"
"3710","7831.212402"
"3711","7831.212402"
"3712","7831.212402"
"3713","7831.212402"
"3714","7831.212402"
"3715","7831.212402"
"3716","7831.212402"
"3717","7831.212402"
"3718","7831.212402"
"3719","7831.212402"
"3720","7831.212402"
"3721","7831.212402"
"3722","7831.212402"
"3723","7831.212402"
"3724","7831.212402"
"3725","7831.212402"
"3726","7831.212402"
"3727","7831.212402"
"3728","7831.212402"
"3729","7831.212402"
"3730","7831.212402"
"3731","7831.212402"
"3732","7831.212402"
"3733","7831.212402"
"3734","7831.212402"
"3735","7831.212402"
"3736","7831.212402"
"3737","7831.212402"
"3738","7831.212402"
"3739","7831.212402"
"3740","7831.212402"
"3741","7831.212402"
"3742","7831.212402"
"3743","7831.212402"
"3744","7831.212402"
"3745","7831.212402"
"3746","7831.212402"
"3747","7831.212402"
"3748","7831.212402"
"3749","7831.212402"
"3750","7831.212402"
"3751","7831.212402"
"3752","7831.212402"
"3753","7831.212402"
"3754","7831.212402"
"3755","7831.212402"
"3756","7831.212402"
"3757","7831.212402"
"3758","7831.212402"
"3759","7831.212402"
"3760","7831.212402"
"3761","7831.212402"
"3762","7831.212402"
"3763","7831.212402"
"3764","7831.212402"
"3765","7831.212402"
"3766","7831.212402"
"3767","7831.212402"
"3768","7831.212402"
"3769","7831.212402"
"3770","7831.212402"
"3771","7831.212402"
"3772","7831.212402"
"3773","7831.212402"
"3774","7831.212402"
"3775","7831.212402"
"3776","7831.212402"
"3777","7831.212402"
"3778","7831.212402"
"3779","7831.212402"
"3780","7831.212402"
"3781","7831.212402"
"3782","7831.212402"
"3783","7831.212402"
"3784","7831.212402"
"3785","7831.212402"
"3786","7831.212402"
"3787","7831.212402"
"3788","7831.212402"
"3789","7831.212402"
"3790","7831.212402"
"3791","7831.212402"
"3792","7831.212402"
"3793","7831.212402"
"3794","7831.212402"
"3795","7831.212402"
"3796","7831.212402"
"3797","7831.212402"
"3798","7831.212402"
"3799","7831.212402"
"3800","7831.212402"
"3801","7831.212402"
"3802","7831.212402"
"3803","7831.212402"
"3804","7831.212402"
"3805","7831.212402"
"3806","7831.212402"
"3807","7831.212402"
"3808","7831.212402"
"3809","7831.212402"
"3810","7831.212402"
"3811","7831.212402"
"3812","7831.212402"
"3813","7831.212402"
"3814","7831.212402"
"3815","7831.212402"
"3816","7831.212402"
"3817","7831.212402"
"3818","7831.212402"
"3819","7831.212402"
"3820","7831.212402"
"3821","7831.212402"
"3822","7831.212402"
"3823","7831.212402"
"3824","7831.212402"
"3825","7831.212402"
"3826","7831.212402"
"3827","7831.212402"
"3828","7831.212402"
"3829","7831.212402"
"3830","7831.212402"
"3831","7831.212402"
"3832","7831.212402"
"3833","7831.212402"
"3834","7831.212402"
"3835","7831.212402"
"3836","7831.212402"
"3837","7831.212402"
"3838","7831.212402"
"3839","7831.212402"
"3840","7831.212402"
"3841","7831.212402"
"3842","7831.212402"
"3843","7831.212402"
"3844","7831.212402"
"3845","7831.212402"
"3846","7831.212402"
"3847","7831.212402"
"3848","7831.212402"
"3849","7831.212402"
"3850","7831.212402"
"3851","7831.212402"
"3852","7831.212402"
"3853","7831.212402"
"3854","7831.212402"
"3855","7831.212402"
"3856","7831.212402"
"3857","7831.212402"
"3858","7831.212402"
"3859","7831.212402"
"3860","7831.212402"
"3861","7831.212402"
"3862","7831.212402"
"3863","7831.212402"
"3864","7831.212402"
"3865","7831.212402"
"3866","7831.212402"
"3867","7831.212402"
"3868","7831.212402"
"3869","7831.212402"
"3870","7831.212402"
"3871","7831.212402"
"3872","7831.212402"
"3873","7831.212402"
"3874","7831.212402"
"3875","7831.212402"
"3876","7831.212402"
"3877","7831.212402"
"3878","7831.212402"
"3879","7831.212402"
"3880","7831.212402"
"3881","7831.212402"
"3882","7831.212402"
"3883","7831.212402"
"3884","7831.212402"
"3885","7831.212402"
"3886","7831.212402"
"3887","7831.212402"
"3888","7831.212402"
"3889","7831.212402"
"3890","7831.212402"
"3891","7831.212402"
"3892","7831.212402"
"3893","7831.212402"
"3894","7831.212402"
"3895","7831.212402"
"3896","7831.212402"
"3897","7831.212402"
"3898","7831.212402"
"3899","7831.212402"
"3900","7831.212402"
"3901","7831.212402"
"3902","7831.212402"
"3903","7831.212402"
"3904","7831.212402"
"3905","7831.212402"
"3906","7831.212402"
"3907","7831.212402"
"3908","7831.212402"
"3909","7831.212402"
"3910","7831.212402"
"3911","7831.212402"
"3912","7831.212402"
"3913","7831.212402"
"3914","7831.212402"
"3915","7831.212402"
"3916","7831.212402"
"3917","7831.212402"
"3918","7831.212402"
"3919","7831.212402"
"3920","7831.212402"
"3921","7831.212402"
"3922","7831.212402"
"3923","7831.212402"
"3924","7831.212402"
"3925","7831.212402"
"3926","7831.212402"
"3927","7831.212402"
"3928","7831.212402"
"3929","7831.212402"
"3930","7831.212402"
"3931","7831.212402"
"3932","7831.212402"
"3933","7831.212402"
"3934","7831.212402"
"3935","7831.212402"
"3936","7831.212402"
"3937","7831.212402"
"3938","7831.212402"
"3939","7831.212402"
"3940","7831.212402"
"3941","7831.212402"
"3942","7831.212402"
"3943","7831.212402"
"3944","7831.212402"
"3945","7831.212402"
"3946","7831.212402"
"3947","7831.212402"
"3948","7831.212402"
"3949","7831.212402"
"3950","7831.212402"
"3951","7831.212402"
"3952","7831.212402"
"3953","7831.212402"
"3954","7831.212402"
"3955","7831.212402"
"3956","7831.212402"
"3957","7831.212402"
"3958","7831.212402"
"3959","7831.212402"
"3960","7831.212402"
"3961","7831.212402"
"3962","7831.212402"
"3963","7831.212402"
"3964","7831.212402"
"3965","7831.212402"
"3966","7831.212402"
"3967","7831.212402"
"3968","7831.212402"
"3969","7831.212402"
"3970","7831.212402"
"3971","7831.212402"
"3972","7831.212402"
"3973","7831.212402"
"3974","7831.212402"
"3975","7831.212402"
"3976","7831.212402"
"3977","7831.212402"
"3978","7831.212402"
"3979","7831.212402"
"3980","7831.212402"
"3981","7831.212402"
"3982","7831.212402"
"3983","7831.212402"
"3984","7831.212402"
"3985","7831.212402"
"3986","7831.212402"
"3987","7831.212402"
"3988","7831.212402"
"3989","7831.212402"
"3990","7831.212402"
"3991","7831.212402"
"3992","7831.212402"
"3993","7831.212402"
"3994","7831.212402"
"3995","7831.212402"
"3996","7831.212402"
"3997","7831.212402"
"3998","7831.212402"
"3999","7831.212402"
"4000","7831.212402"
"4001","7831.212402"
"4002","7831.212402"
"4003","7831.212402"
"4004","7831.212402"
"4005","7831.212402"
"4006","7831.212402"
"4007","7831.212402"
"4008","7831.212402"
"4009","7831.212402"
"4010","7831.212402"
"4011","7831.212402"
"4012","7831.212402"
"4013","7831.212402"
"4014","7831.212402"
"4015","7831.212402"
"4016","7831.212402"
"4017","7831.212402"
"4018","7831.212402"
"4019","7831.212402"
"4020","7831.212402"
"4021","7831.212402"
"4022","7831.212402"
"4023","7831.212402"
"4024","7831.212402"
"4025","7831.212402"
"4026","7831.212402"
"4027","7831.212402"
"4028","7831.212402"
"4029","7831.212402"
"4030","7831.212402"
"4031","7831.212402"
"4032","7831.212402"
"4033","7831.212402"
"4034","7831.212402"
"4035","7831.212402"
"4036","7831.212402"
"4037","7831.212402"
"4038","7831.212402"
"4039","7831.212402"
"4040","7831.212402"
"4041","7831.212402"
"4042","7831.212402"
"4043","7831.212402"
"4044","7831.212402"
"4045","7831.212402"
"4046","7831.212402"
"4047","7831.212402"
"4048","7831.212402"
"4049","7831.212402"
"4050","7831.212402"
"4051","7831.212402"
"4052","7831.212402"
"4053","7831.212402"
"4054","7831.212402"
"4055","7831.212402"
"4056","7831.212402"
"4057","7831.212402"
"4058","7831.212402"
"4059","7831.212402"
"4060","7831.212402"
"4061","7831.212402"
"4062","7831.212402"
"4063","7831.212402"
"4064","7831.212402"
"4065","7831.212402"
"4066","7831.212402"
"4067","7831.212402"
"4068","7831.212402"
"4069","7831.212402"
"4070","7831.212402"
"4071","7831.212402"
"4072","7831.212402"
"4073","7831.212402"
"4074","7831.212402"
"4075","7831.212402"
"4076","7831.212402"
"4077","7831.212402"
"4078","7831.212402"
"4079","7831.212402"
"4080","7831.212402"
"4081","7831.212402"
"4082","7831.212402"
"4083","7831.212402"
"4084","7831.212402"
"4085","7831.212402"
"4086","7831.212402"
"4087","7831.212402"
"4088","7831.212402"
"4089","7831.212402"
"4090","7831.212402"
"4091","7831.212402"
"4092","7831.212402"
"4093","7831.212402"
"4094","7831.212402"
"4095","7831.212402"
